"c_hlevel"	"c_fullname"	"c_name"	"c_synonym_cd"	"c_visualattributes"	"c_totalnum"	"c_basecode"	"c_metadataxml"	"c_facttablecolumn"	"c_tablename"	"c_columnname"	"c_columndatatype"	"c_operator"	"c_dimcode"	"c_comment"	"c_tooltip"	"m_applied_path"	"update_date"	"download_date"	"import_date"	"sourcesystem_cd"	"valuetype_cd"	"m_exclusion_cd"	"c_path"	"c_symbol"
5	\ACT\Visit Details\Age at visit\0-9 years old\0 years old\04 months\	Visit at age 04 months	N	LA 		DEM|AGE:0.4		encounter_num	visit_dimension	patient_num	N	IN	SELECT PATIENT_NUM FROM PATIENT_DIMENSION WHERE PATIENT_NUM = VISIT_DIMENSION.PATIENT_NUM AND TRUNC(VISIT_DIMENSION.START_DATE) BETWEEN ADD_MONTHS(BIRTH_DATE,4) AND ADD_MONTHS(BIRTH_DATE,5)-1		Visit Details \ Age at visit \ \ 04 months \	@	2021-05-24 00:00:00.000	2021-05-24 00:00:00.000	2021-05-24 00:00:00.000					
5	\ACT\Visit Details\Age at visit\0-9 years old\0 years old\05 months\	Visit at age 05 months	N	LA 		DEM|AGE:0.5		encounter_num	visit_dimension	patient_num	N	IN	SELECT PATIENT_NUM FROM PATIENT_DIMENSION WHERE PATIENT_NUM = VISIT_DIMENSION.PATIENT_NUM AND TRUNC(VISIT_DIMENSION.START_DATE) BETWEEN ADD_MONTHS(BIRTH_DATE,5) AND ADD_MONTHS(BIRTH_DATE,6)-1		Visit Details \ Age at visit \ \ 05 months \	@	2021-05-24 00:00:00.000	2021-05-24 00:00:00.000	2021-05-24 00:00:00.000					
5	\ACT\Visit Details\Age at visit\0-9 years old\0 years old\06 months\	Visit at age 06 months	N	LA 		DEM|AGE:0.6		encounter_num	visit_dimension	patient_num	N	IN	SELECT PATIENT_NUM FROM PATIENT_DIMENSION WHERE PATIENT_NUM = VISIT_DIMENSION.PATIENT_NUM AND TRUNC(VISIT_DIMENSION.START_DATE) BETWEEN ADD_MONTHS(BIRTH_DATE,6) AND ADD_MONTHS(BIRTH_DATE,7)-1		Visit Details \ Age at visit \ \ 06 months \	@	2021-05-24 00:00:00.000	2021-05-24 00:00:00.000	2021-05-24 00:00:00.000					
5	\ACT\Visit Details\Age at visit\0-9 years old\0 years old\07 months\	Visit at age 07 months	N	LA 		DEM|AGE:0.7		encounter_num	visit_dimension	patient_num	N	IN	SELECT PATIENT_NUM FROM PATIENT_DIMENSION WHERE PATIENT_NUM = VISIT_DIMENSION.PATIENT_NUM AND TRUNC(VISIT_DIMENSION.START_DATE) BETWEEN ADD_MONTHS(BIRTH_DATE,7) AND ADD_MONTHS(BIRTH_DATE,8)-1		Visit Details \ Age at visit \ \ 07 months \	@	2021-05-24 00:00:00.000	2021-05-24 00:00:00.000	2021-05-24 00:00:00.000					
5	\ACT\Visit Details\Age at visit\0-9 years old\0 years old\08 months\	Visit at age 08 months	N	LA 		DEM|AGE:0.8		encounter_num	visit_dimension	patient_num	N	IN	SELECT PATIENT_NUM FROM PATIENT_DIMENSION WHERE PATIENT_NUM = VISIT_DIMENSION.PATIENT_NUM AND TRUNC(VISIT_DIMENSION.START_DATE) BETWEEN ADD_MONTHS(BIRTH_DATE,8) AND ADD_MONTHS(BIRTH_DATE,9)-1		Visit Details \ Age at visit \ \ 08 months \	@	2021-05-24 00:00:00.000	2021-05-24 00:00:00.000	2021-05-24 00:00:00.000					
5	\ACT\Visit Details\Age at visit\0-9 years old\0 years old\09 months\	Visit at age 09 months	N	LA 		DEM|AGE:0.9		encounter_num	visit_dimension	patient_num	N	IN	SELECT PATIENT_NUM FROM PATIENT_DIMENSION WHERE PATIENT_NUM = VISIT_DIMENSION.PATIENT_NUM AND TRUNC(VISIT_DIMENSION.START_DATE) BETWEEN ADD_MONTHS(BIRTH_DATE,9) AND ADD_MONTHS(BIRTH_DATE,10)-1		Visit Details \ Age at visit \ \ 09 months \	@	2021-05-24 00:00:00.000	2021-05-24 00:00:00.000	2021-05-24 00:00:00.000					
5	\ACT\Visit Details\Age at visit\0-9 years old\0 years old\10 months\	Visit at age 10 months	N	LA 		DEM|AGE:0.10		encounter_num	visit_dimension	patient_num	N	IN	SELECT PATIENT_NUM FROM PATIENT_DIMENSION WHERE PATIENT_NUM = VISIT_DIMENSION.PATIENT_NUM AND TRUNC(VISIT_DIMENSION.START_DATE) BETWEEN ADD_MONTHS(BIRTH_DATE,10) AND ADD_MONTHS(BIRTH_DATE,11)-1		Visit Details \ Age at visit \ \ 10 months \	@	2021-05-24 00:00:00.000	2021-05-24 00:00:00.000	2021-05-24 00:00:00.000					
5	\ACT\Visit Details\Age at visit\0-9 years old\0 years old\11 months\	Visit at age 11 months	N	LA 		DEM|AGE:0.11		encounter_num	visit_dimension	patient_num	N	IN	SELECT PATIENT_NUM FROM PATIENT_DIMENSION WHERE PATIENT_NUM = VISIT_DIMENSION.PATIENT_NUM AND TRUNC(VISIT_DIMENSION.START_DATE) BETWEEN ADD_MONTHS(BIRTH_DATE,11) AND ADD_MONTHS(BIRTH_DATE,12)-1		Visit Details \ Age at visit \ \ 11 months \	@	2021-05-24 00:00:00.000	2021-05-24 00:00:00.000	2021-05-24 00:00:00.000					
5	\ACT\Visit Details\Age at visit\0-9 years old\0 years old\12 months\	Visit at age 12 months	N	LA 		DEM|AGE:0.12		encounter_num	visit_dimension	patient_num	N	IN	SELECT PATIENT_NUM FROM PATIENT_DIMENSION WHERE PATIENT_NUM = VISIT_DIMENSION.PATIENT_NUM AND TRUNC(VISIT_DIMENSION.START_DATE) BETWEEN ADD_MONTHS(BIRTH_DATE,12) AND ADD_MONTHS(BIRTH_DATE,13)-1		Visit Details \ Age at visit \ \ 12 months \	@	2021-05-24 00:00:00.000	2021-05-24 00:00:00.000	2021-05-24 00:00:00.000					
4	\ACT\Visit Details\Age at visit\0-9 years old\1 years old\	Visit at age 1 year old	N	FA 				encounter_num	visit_dimension	patient_num	N	IN	SELECT PATIENT_NUM FROM PATIENT_DIMENSION WHERE PATIENT_NUM = VISIT_DIMENSION.PATIENT_NUM AND TRUNC(VISIT_DIMENSION.START_DATE) BETWEEN ADD_MONTHS(BIRTH_DATE,1*12) AND ADD_MONTHS(BIRTH_DATE,2*12)-1		Demographics \ Age \ 0-9 years old \ 1 year old	@	2021-05-24 00:00:00.000	2021-05-24 00:00:00.000	2021-05-24 00:00:00.000					
5	\ACT\Visit Details\Age at visit\0-9 years old\1 years old\13 months\	Visit at age 13 months	N	LA 		DEM|AGE:1.1		encounter_num	visit_dimension	patient_num	N	IN	SELECT PATIENT_NUM FROM PATIENT_DIMENSION WHERE PATIENT_NUM = VISIT_DIMENSION.PATIENT_NUM AND TRUNC(VISIT_DIMENSION.START_DATE) BETWEEN ADD_MONTHS(BIRTH_DATE,13) AND ADD_MONTHS(BIRTH_DATE,14)-1		Visit Details \ Age at visit \ \ 01 months \	@	2021-05-24 00:00:00.000	2021-05-24 00:00:00.000	2021-05-24 00:00:00.000					
5	\ACT\Visit Details\Age at visit\0-9 years old\1 years old\14 months\	Visit at age 14 months	N	LA 		DEM|AGE:1.2		encounter_num	visit_dimension	patient_num	N	IN	SELECT PATIENT_NUM FROM PATIENT_DIMENSION WHERE PATIENT_NUM = VISIT_DIMENSION.PATIENT_NUM AND TRUNC(VISIT_DIMENSION.START_DATE) BETWEEN ADD_MONTHS(BIRTH_DATE,14) AND ADD_MONTHS(BIRTH_DATE,15)-1		Visit Details \ Age at visit \ \ 02 months \	@	2021-05-24 00:00:00.000	2021-05-24 00:00:00.000	2021-05-24 00:00:00.000					
5	\ACT\Visit Details\Age at visit\0-9 years old\1 years old\15 months\	Visit at age 15 months	N	LA 		DEM|AGE:1.3		encounter_num	visit_dimension	patient_num	N	IN	SELECT PATIENT_NUM FROM PATIENT_DIMENSION WHERE PATIENT_NUM = VISIT_DIMENSION.PATIENT_NUM AND TRUNC(VISIT_DIMENSION.START_DATE) BETWEEN ADD_MONTHS(BIRTH_DATE,15) AND ADD_MONTHS(BIRTH_DATE,16)-1		Visit Details \ Age at visit \ \ 03 months \	@	2021-05-24 00:00:00.000	2021-05-24 00:00:00.000	2021-05-24 00:00:00.000					
4	\ACT\Visit Details\Age at visit\18-34 years old\24 years old\	Visit at age 24 years old	N	LA 		DEM|AGE:24		encounter_num	visit_dimension	patient_num	N	IN	SELECT PATIENT_NUM FROM PATIENT_DIMENSION WHERE PATIENT_NUM = VISIT_DIMENSION.PATIENT_NUM AND TRUNC(VISIT_DIMENSION.START_DATE) BETWEEN ADD_MONTHS(BIRTH_DATE,24*12) AND (ADD_MONTHS(BIRTH_DATE,25*12)-1)		Visit Details \ Age at visit \ 18-34 years old \ 24 years old	@	2021-05-24 00:00:00.000	2021-05-24 00:00:00.000	2021-05-24 00:00:00.000	lcp5				
4	\ACT\Visit Details\Age at visit\18-34 years old\25 years old\	Visit at age 25 years old	N	LA 		DEM|AGE:25		encounter_num	visit_dimension	patient_num	N	IN	SELECT PATIENT_NUM FROM PATIENT_DIMENSION WHERE PATIENT_NUM = VISIT_DIMENSION.PATIENT_NUM AND TRUNC(VISIT_DIMENSION.START_DATE) BETWEEN ADD_MONTHS(BIRTH_DATE,25*12) AND (ADD_MONTHS(BIRTH_DATE,26*12)-1)		Visit Details \ Age at visit \ 18-34 years old \ 25 years old	@	2021-05-24 00:00:00.000	2021-05-24 00:00:00.000	2021-05-24 00:00:00.000	lcp5				
4	\ACT\Visit Details\Age at visit\18-34 years old\26 years old\	Visit at age 26 years old	N	LA 		DEM|AGE:26		encounter_num	visit_dimension	patient_num	N	IN	SELECT PATIENT_NUM FROM PATIENT_DIMENSION WHERE PATIENT_NUM = VISIT_DIMENSION.PATIENT_NUM AND TRUNC(VISIT_DIMENSION.START_DATE) BETWEEN ADD_MONTHS(BIRTH_DATE,26*12) AND (ADD_MONTHS(BIRTH_DATE,27*12)-1)		Visit Details \ Age at visit \ 18-34 years old \ 26 years old	@	2021-05-24 00:00:00.000	2021-05-24 00:00:00.000	2021-05-24 00:00:00.000	lcp5				
4	\ACT\Visit Details\Age at visit\18-34 years old\32 years old\	Visit at age 32 years old	N	LA 		DEM|AGE:32		encounter_num	visit_dimension	patient_num	N	IN	SELECT PATIENT_NUM FROM PATIENT_DIMENSION WHERE PATIENT_NUM = VISIT_DIMENSION.PATIENT_NUM AND TRUNC(VISIT_DIMENSION.START_DATE) BETWEEN ADD_MONTHS(BIRTH_DATE,32*12) AND (ADD_MONTHS(BIRTH_DATE,33*12)-1)		Visit Details \ Age at visit \ 18-34 years old \ 32 years old	@	2021-05-24 00:00:00.000	2021-05-24 00:00:00.000	2021-05-24 00:00:00.000	lcp5				
4	\ACT\Visit Details\Age at visit\18-34 years old\33 years old\	Visit at age 33 years old	N	LA 		DEM|AGE:33		encounter_num	visit_dimension	patient_num	N	IN	SELECT PATIENT_NUM FROM PATIENT_DIMENSION WHERE PATIENT_NUM = VISIT_DIMENSION.PATIENT_NUM AND TRUNC(VISIT_DIMENSION.START_DATE) BETWEEN ADD_MONTHS(BIRTH_DATE,33*12) AND (ADD_MONTHS(BIRTH_DATE,34*12)-1)		Visit Details \ Age at visit \ 18-34 years old \ 33 years old	@	2021-05-24 00:00:00.000	2021-05-24 00:00:00.000	2021-05-24 00:00:00.000	lcp5				
4	\ACT\Visit Details\Age at visit\18-34 years old\34 years old\	Visit at age 34 years old	N	LA 		DEM|AGE:34		encounter_num	visit_dimension	patient_num	N	IN	SELECT PATIENT_NUM FROM PATIENT_DIMENSION WHERE PATIENT_NUM = VISIT_DIMENSION.PATIENT_NUM AND TRUNC(VISIT_DIMENSION.START_DATE) BETWEEN ADD_MONTHS(BIRTH_DATE,34*12) AND (ADD_MONTHS(BIRTH_DATE,35*12)-1)		Visit Details \ Age at visit \ 18-34 years old \ 34 years old	@	2021-05-24 00:00:00.000	2021-05-24 00:00:00.000	2021-05-24 00:00:00.000	lcp5				
3	\ACT\Visit Details\Age at visit\35-44 years old\	Visit at ages 35-44 years old	N	FA 				encounter_num	visit_dimension	patient_num	N	IN	SELECT PATIENT_NUM FROM PATIENT_DIMENSION WHERE PATIENT_NUM = VISIT_DIMENSION.PATIENT_NUM AND TRUNC(VISIT_DIMENSION.START_DATE) BETWEEN ADD_MONTHS(BIRTH_DATE,35*12) AND (ADD_MONTHS(BIRTH_DATE,45*12)-1)		Visit Details \ Age at visit \ 35-44 years old	@	2021-05-24 00:00:00.000	2021-05-24 00:00:00.000	2021-05-24 00:00:00.000	lcp5				
4	\ACT\Visit Details\Age at visit\35-44 years old\35 years old\	Visit at age 35 years old	N	LA 		DEM|AGE:35		encounter_num	visit_dimension	patient_num	N	IN	SELECT PATIENT_NUM FROM PATIENT_DIMENSION WHERE PATIENT_NUM = VISIT_DIMENSION.PATIENT_NUM AND TRUNC(VISIT_DIMENSION.START_DATE) BETWEEN ADD_MONTHS(BIRTH_DATE,35*12) AND (ADD_MONTHS(BIRTH_DATE,36*12)-1)		Visit Details \ Age at visit \ 35-44 years old \ 35 years old	@	2021-05-24 00:00:00.000	2021-05-24 00:00:00.000	2021-05-24 00:00:00.000	lcp5				
4	\ACT\Visit Details\Age at visit\35-44 years old\36 years old\	Visit at age 36 years old	N	LA 		DEM|AGE:36		encounter_num	visit_dimension	patient_num	N	IN	SELECT PATIENT_NUM FROM PATIENT_DIMENSION WHERE PATIENT_NUM = VISIT_DIMENSION.PATIENT_NUM AND TRUNC(VISIT_DIMENSION.START_DATE) BETWEEN ADD_MONTHS(BIRTH_DATE,36*12) AND (ADD_MONTHS(BIRTH_DATE,37*12)-1)		Visit Details \ Age at visit \ 35-44 years old \ 36 years old	@	2021-05-24 00:00:00.000	2021-05-24 00:00:00.000	2021-05-24 00:00:00.000	lcp5				
4	\ACT\Visit Details\Age at visit\35-44 years old\37 years old\	Visit at age 37 years old	N	LA 		DEM|AGE:37		encounter_num	visit_dimension	patient_num	N	IN	SELECT PATIENT_NUM FROM PATIENT_DIMENSION WHERE PATIENT_NUM = VISIT_DIMENSION.PATIENT_NUM AND TRUNC(VISIT_DIMENSION.START_DATE) BETWEEN ADD_MONTHS(BIRTH_DATE,37*12) AND (ADD_MONTHS(BIRTH_DATE,38*12)-1)		Visit Details \ Age at visit \ 35-44 years old \ 37 years old	@	2021-05-24 00:00:00.000	2021-05-24 00:00:00.000	2021-05-24 00:00:00.000	lcp5				
4	\ACT\Visit Details\Age at visit\35-44 years old\38 years old\	Visit at age 38 years old	N	LA 		DEM|AGE:38		encounter_num	visit_dimension	patient_num	N	IN	SELECT PATIENT_NUM FROM PATIENT_DIMENSION WHERE PATIENT_NUM = VISIT_DIMENSION.PATIENT_NUM AND TRUNC(VISIT_DIMENSION.START_DATE) BETWEEN ADD_MONTHS(BIRTH_DATE,38*12) AND (ADD_MONTHS(BIRTH_DATE,39*12)-1)		Visit Details \ Age at visit \ 35-44 years old \ 38 years old	@	2021-05-24 00:00:00.000	2021-05-24 00:00:00.000	2021-05-24 00:00:00.000	lcp5				
4	\ACT\Visit Details\Age at visit\35-44 years old\39 years old\	Visit at age 39 years old	N	LA 		DEM|AGE:39		encounter_num	visit_dimension	patient_num	N	IN	SELECT PATIENT_NUM FROM PATIENT_DIMENSION WHERE PATIENT_NUM = VISIT_DIMENSION.PATIENT_NUM AND TRUNC(VISIT_DIMENSION.START_DATE) BETWEEN ADD_MONTHS(BIRTH_DATE,39*12) AND (ADD_MONTHS(BIRTH_DATE,40*12)-1)		Visit Details \ Age at visit \ 35-44 years old \ 39 years old	@	2021-05-24 00:00:00.000	2021-05-24 00:00:00.000	2021-05-24 00:00:00.000	lcp5				
4	\ACT\Visit Details\Age at visit\35-44 years old\40 years old\	Visit at age 40 years old	N	LA 		DEM|AGE:40		encounter_num	visit_dimension	patient_num	N	IN	SELECT PATIENT_NUM FROM PATIENT_DIMENSION WHERE PATIENT_NUM = VISIT_DIMENSION.PATIENT_NUM AND TRUNC(VISIT_DIMENSION.START_DATE) BETWEEN ADD_MONTHS(BIRTH_DATE,40*12) AND (ADD_MONTHS(BIRTH_DATE,41*12)-1)		Visit Details \ Age at visit \ 35-44 years old \ 40 years old	@	2021-05-24 00:00:00.000	2021-05-24 00:00:00.000	2021-05-24 00:00:00.000	lcp5				
4	\ACT\Visit Details\Age at visit\35-44 years old\41 years old\	Visit at age 41 years old	N	LA 		DEM|AGE:41		encounter_num	visit_dimension	patient_num	N	IN	SELECT PATIENT_NUM FROM PATIENT_DIMENSION WHERE PATIENT_NUM = VISIT_DIMENSION.PATIENT_NUM AND TRUNC(VISIT_DIMENSION.START_DATE) BETWEEN ADD_MONTHS(BIRTH_DATE,41*12) AND (ADD_MONTHS(BIRTH_DATE,42*12)-1)		Visit Details \ Age at visit \ 35-44 years old \ 41 years old	@	2021-05-24 00:00:00.000	2021-05-24 00:00:00.000	2021-05-24 00:00:00.000	lcp5				
4	\ACT\Visit Details\Age at visit\35-44 years old\42 years old\	Visit at age 42 years old	N	LA 		DEM|AGE:42		encounter_num	visit_dimension	patient_num	N	IN	SELECT PATIENT_NUM FROM PATIENT_DIMENSION WHERE PATIENT_NUM = VISIT_DIMENSION.PATIENT_NUM AND TRUNC(VISIT_DIMENSION.START_DATE) BETWEEN ADD_MONTHS(BIRTH_DATE,42*12) AND (ADD_MONTHS(BIRTH_DATE,43*12)-1)		Visit Details \ Age at visit \ 35-44 years old \ 42 years old	@	2021-05-24 00:00:00.000	2021-05-24 00:00:00.000	2021-05-24 00:00:00.000	lcp5				
4	\ACT\Visit Details\Age at visit\35-44 years old\43 years old\	Visit at age 43 years old	N	LA 		DEM|AGE:43		encounter_num	visit_dimension	patient_num	N	IN	SELECT PATIENT_NUM FROM PATIENT_DIMENSION WHERE PATIENT_NUM = VISIT_DIMENSION.PATIENT_NUM AND TRUNC(VISIT_DIMENSION.START_DATE) BETWEEN ADD_MONTHS(BIRTH_DATE,43*12) AND (ADD_MONTHS(BIRTH_DATE,44*12)-1)		Visit Details \ Age at visit \ 35-44 years old \ 43 years old	@	2021-05-24 00:00:00.000	2021-05-24 00:00:00.000	2021-05-24 00:00:00.000	lcp5				
4	\ACT\Visit Details\Age at visit\35-44 years old\44 years old\	Visit at age 44 years old	N	LA 		DEM|AGE:44		encounter_num	visit_dimension	patient_num	N	IN	SELECT PATIENT_NUM FROM PATIENT_DIMENSION WHERE PATIENT_NUM = VISIT_DIMENSION.PATIENT_NUM AND TRUNC(VISIT_DIMENSION.START_DATE) BETWEEN ADD_MONTHS(BIRTH_DATE,44*12) AND (ADD_MONTHS(BIRTH_DATE,45*12)-1)		Visit Details \ Age at visit \ 35-44 years old \ 44 years old	@	2021-05-24 00:00:00.000	2021-05-24 00:00:00.000	2021-05-24 00:00:00.000	lcp5				
3	\ACT\Visit Details\Age at visit\45-54 years old\	Visit at ages 45-54 years old	N	FA 				encounter_num	visit_dimension	patient_num	N	IN	SELECT PATIENT_NUM FROM PATIENT_DIMENSION WHERE PATIENT_NUM = VISIT_DIMENSION.PATIENT_NUM AND TRUNC(VISIT_DIMENSION.START_DATE) BETWEEN ADD_MONTHS(BIRTH_DATE,45*12) AND (ADD_MONTHS(BIRTH_DATE,55*12)-1)		Visit Details \ Age at visit \ 45-54 years old	@	2021-05-24 00:00:00.000	2021-05-24 00:00:00.000	2021-05-24 00:00:00.000	lcp5				
4	\ACT\Visit Details\Age at visit\45-54 years old\45 years old\	Visit at age 45 years old	N	LA 		DEM|AGE:45		encounter_num	visit_dimension	patient_num	N	IN	SELECT PATIENT_NUM FROM PATIENT_DIMENSION WHERE PATIENT_NUM = VISIT_DIMENSION.PATIENT_NUM AND TRUNC(VISIT_DIMENSION.START_DATE) BETWEEN ADD_MONTHS(BIRTH_DATE,45*12) AND (ADD_MONTHS(BIRTH_DATE,46*12)-1)		Visit Details \ Age at visit \ 45-54 years old \ 45 years old	@	2021-05-24 00:00:00.000	2021-05-24 00:00:00.000	2021-05-24 00:00:00.000	lcp5				
3	\ACT\Visit Details\Age at visit\85-89 years old\	Visit at ages 85-89 years old	N	FA 				encounter_num	visit_dimension	patient_num	N	IN	SELECT PATIENT_NUM FROM PATIENT_DIMENSION WHERE PATIENT_NUM = VISIT_DIMENSION.PATIENT_NUM AND TRUNC(VISIT_DIMENSION.START_DATE) BETWEEN ADD_MONTHS(BIRTH_DATE,85*12) AND (ADD_MONTHS(BIRTH_DATE,90*12)-1)		Demographics \ Age \ 85-89 years old	@	2021-05-24 00:00:00.000	2021-05-24 00:00:00.000	2021-05-24 00:00:00.000					
3	\ACT\Visit Details\Visit type\Non-Acute visit\	Non-Acute Hospital Stay	N	LA 				encounter_num	visit_dimension	inout_cd	T	=	NA		Visit Details\Visit type\Non-Acute visit\	@	2021-05-24 00:00:00.000	2021-05-24 00:00:00.000	2021-05-24 00:00:00.000					
4	\ACT\Visit Details\Age at visit\85-89 years old\85 years old\	Visit at ages 85 years old	N	LA 		DEM|AGE:85		encounter_num	visit_dimension	patient_num	N	IN	SELECT PATIENT_NUM FROM PATIENT_DIMENSION WHERE PATIENT_NUM = VISIT_DIMENSION.PATIENT_NUM AND TRUNC(VISIT_DIMENSION.START_DATE) BETWEEN ADD_MONTHS(BIRTH_DATE,85*12) AND (ADD_MONTHS(BIRTH_DATE,86*12)-1)		Demographics\Age\85-89 years old\85 years old	@	2021-05-24 00:00:00.000	2021-05-24 00:00:00.000	2021-05-24 00:00:00.000					
4	\ACT\Visit Details\Age at visit\85-89 years old\86 years old\	Visit at ages 86 years old	N	LA 		DEM|AGE:86		encounter_num	visit_dimension	patient_num	N	IN	SELECT PATIENT_NUM FROM PATIENT_DIMENSION WHERE PATIENT_NUM = VISIT_DIMENSION.PATIENT_NUM AND TRUNC(VISIT_DIMENSION.START_DATE) BETWEEN ADD_MONTHS(BIRTH_DATE,86*12) AND (ADD_MONTHS(BIRTH_DATE,87*12)-1)		Demographics\Age\85-89 years old\86 years old	@	2021-05-24 00:00:00.000	2021-05-24 00:00:00.000	2021-05-24 00:00:00.000					
4	\ACT\Visit Details\Age at visit\85-89 years old\87 years old\	Visit at ages 87 years old	N	LA 		DEM|AGE:87		encounter_num	visit_dimension	patient_num	N	IN	SELECT PATIENT_NUM FROM PATIENT_DIMENSION WHERE PATIENT_NUM = VISIT_DIMENSION.PATIENT_NUM AND TRUNC(VISIT_DIMENSION.START_DATE) BETWEEN ADD_MONTHS(BIRTH_DATE,87*12) AND (ADD_MONTHS(BIRTH_DATE,88*12)-1)		Demographics\Age\85-89 years old\87 years old	@	2021-05-24 00:00:00.000	2021-05-24 00:00:00.000	2021-05-24 00:00:00.000					
4	\ACT\Visit Details\Age at visit\85-89 years old\88 years old\	Visit at ages 88 years old	N	LA 		DEM|AGE:88		encounter_num	visit_dimension	patient_num	N	IN	SELECT PATIENT_NUM FROM PATIENT_DIMENSION WHERE PATIENT_NUM = VISIT_DIMENSION.PATIENT_NUM AND TRUNC(VISIT_DIMENSION.START_DATE) BETWEEN ADD_MONTHS(BIRTH_DATE,88*12) AND (ADD_MONTHS(BIRTH_DATE,89*12)-1)		Demographics\Age\85-89 years old\88 years old	@	2021-05-24 00:00:00.000	2021-05-24 00:00:00.000	2021-05-24 00:00:00.000					
4	\ACT\Visit Details\Age at visit\85-89 years old\89 years old\	Visit at ages 89 years old	N	LA 		DEM|AGE:89		encounter_num	visit_dimension	patient_num	N	IN	SELECT PATIENT_NUM FROM PATIENT_DIMENSION WHERE PATIENT_NUM = VISIT_DIMENSION.PATIENT_NUM AND TRUNC(VISIT_DIMENSION.START_DATE) BETWEEN ADD_MONTHS(BIRTH_DATE,89*12) AND (ADD_MONTHS(BIRTH_DATE,90*12)-1)		Demographics\Age\85-89 years old\89 years old	@	2021-05-24 00:00:00.000	2021-05-24 00:00:00.000	2021-05-24 00:00:00.000					
3	\ACT\Visit Details\Age at visit\>= 65 years old\	Visit at ages >= 65 years old	N	LA 				encounter_num	visit_dimension	patient_num	N	IN	SELECT PATIENT_NUM FROM PATIENT_DIMENSION WHERE PATIENT_NUM = VISIT_DIMENSION.PATIENT_NUM AND TRUNC(VISIT_DIMENSION.START_DATE) >= ADD_MONTHS(BIRTH_DATE,65*12)		Demographics \ Age \ >= 65 years old	@	2021-05-24 00:00:00.000	2021-05-24 00:00:00.000	2021-05-24 00:00:00.000					
3	\ACT\Visit Details\Age at visit\>= 85 years old\	Visit at ages >= 85 years old	N	LA 				encounter_num	visit_dimension	patient_num	N	IN	SELECT PATIENT_NUM FROM PATIENT_DIMENSION WHERE PATIENT_NUM = VISIT_DIMENSION.PATIENT_NUM AND TRUNC(VISIT_DIMENSION.START_DATE) >= ADD_MONTHS(BIRTH_DATE,85*12)		Demographics \ Age \ >= 85 years old	@	2021-05-24 00:00:00.000	2021-05-24 00:00:00.000	2021-05-24 00:00:00.000					
3	\ACT\Visit Details\Age at visit\>= 90 years old\	Visit at ages >= 90 years old	N	LA 				encounter_num	visit_dimension	patient_num	N	IN	SELECT PATIENT_NUM FROM PATIENT_DIMENSION WHERE PATIENT_NUM = VISIT_DIMENSION.PATIENT_NUM AND TRUNC(VISIT_DIMENSION.START_DATE) >= ADD_MONTHS(BIRTH_DATE,90*12)		Demographics \ Age \ >= 90 years old	@	2021-05-24 00:00:00.000	2021-05-24 00:00:00.000	2021-05-24 00:00:00.000					
4	\ACT\Visit Details\Age at visit\55-64 years old\59 years old\	Visit at age 59 years old	N	LA 		DEM|AGE:59		encounter_num	visit_dimension	patient_num	N	IN	SELECT PATIENT_NUM FROM PATIENT_DIMENSION WHERE PATIENT_NUM = VISIT_DIMENSION.PATIENT_NUM AND TRUNC(VISIT_DIMENSION.START_DATE) BETWEEN ADD_MONTHS(BIRTH_DATE,59*12) AND (ADD_MONTHS(BIRTH_DATE,60*12)-1)		Visit Details \ Age at visit \ 55-64 years old \ 59 years old	@	2021-05-24 00:00:00.000	2021-05-24 00:00:00.000	2021-05-24 00:00:00.000	lcp5				
4	\ACT\Visit Details\Age at visit\55-64 years old\60 years old\	Visit at age 60 years old	N	LA 		DEM|AGE:60		encounter_num	visit_dimension	patient_num	N	IN	SELECT PATIENT_NUM FROM PATIENT_DIMENSION WHERE PATIENT_NUM = VISIT_DIMENSION.PATIENT_NUM AND TRUNC(VISIT_DIMENSION.START_DATE) BETWEEN ADD_MONTHS(BIRTH_DATE,60*12) AND (ADD_MONTHS(BIRTH_DATE,61*12)-1)		Visit Details \ Age at visit \ 55-64 years old \ 60 years old	@	2021-05-24 00:00:00.000	2021-05-24 00:00:00.000	2021-05-24 00:00:00.000	lcp5				
4	\ACT\Visit Details\Age at visit\55-64 years old\61 years old\	Visit at age 61 years old	N	LA 		DEM|AGE:61		encounter_num	visit_dimension	patient_num	N	IN	SELECT PATIENT_NUM FROM PATIENT_DIMENSION WHERE PATIENT_NUM = VISIT_DIMENSION.PATIENT_NUM AND TRUNC(VISIT_DIMENSION.START_DATE) BETWEEN ADD_MONTHS(BIRTH_DATE,61*12) AND (ADD_MONTHS(BIRTH_DATE,62*12)-1)		Visit Details \ Age at visit \ 55-64 years old \ 61 years old	@	2021-05-24 00:00:00.000	2021-05-24 00:00:00.000	2021-05-24 00:00:00.000	lcp5				
4	\ACT\Visit Details\Age at visit\55-64 years old\62 years old\	Visit at age 62 years old	N	LA 		DEM|AGE:62		encounter_num	visit_dimension	patient_num	N	IN	SELECT PATIENT_NUM FROM PATIENT_DIMENSION WHERE PATIENT_NUM = VISIT_DIMENSION.PATIENT_NUM AND TRUNC(VISIT_DIMENSION.START_DATE) BETWEEN ADD_MONTHS(BIRTH_DATE,62*12) AND (ADD_MONTHS(BIRTH_DATE,63*12)-1)		Visit Details \ Age at visit \ 55-64 years old \ 62 years old	@	2021-05-24 00:00:00.000	2021-05-24 00:00:00.000	2021-05-24 00:00:00.000	lcp5				
4	\ACT\Visit Details\Age at visit\55-64 years old\63 years old\	Visit at age 63 years old	N	LA 		DEM|AGE:63		encounter_num	visit_dimension	patient_num	N	IN	SELECT PATIENT_NUM FROM PATIENT_DIMENSION WHERE PATIENT_NUM = VISIT_DIMENSION.PATIENT_NUM AND TRUNC(VISIT_DIMENSION.START_DATE) BETWEEN ADD_MONTHS(BIRTH_DATE,63*12) AND (ADD_MONTHS(BIRTH_DATE,64*12)-1)		Visit Details \ Age at visit \ 55-64 years old \ 63 years old	@	2021-05-24 00:00:00.000	2021-05-24 00:00:00.000	2021-05-24 00:00:00.000	lcp5				
4	\ACT\Visit Details\Age at visit\55-64 years old\64 years old\	Visit at age 64 years old	N	LA 		DEM|AGE:64		encounter_num	visit_dimension	patient_num	N	IN	SELECT PATIENT_NUM FROM PATIENT_DIMENSION WHERE PATIENT_NUM = VISIT_DIMENSION.PATIENT_NUM AND TRUNC(VISIT_DIMENSION.START_DATE) BETWEEN ADD_MONTHS(BIRTH_DATE,64*12) AND (ADD_MONTHS(BIRTH_DATE,65*12)-1)		Visit Details \ Age at visit \ 55-64 years old \ 64 years old	@	2021-05-24 00:00:00.000	2021-05-24 00:00:00.000	2021-05-24 00:00:00.000	lcp5				
3	\ACT\Visit Details\Age at visit\65-74 years old\	Visit at ages 65-74 years old	N	FA 				encounter_num	visit_dimension	patient_num	N	IN	SELECT PATIENT_NUM FROM PATIENT_DIMENSION WHERE PATIENT_NUM = VISIT_DIMENSION.PATIENT_NUM AND TRUNC(VISIT_DIMENSION.START_DATE) BETWEEN ADD_MONTHS(BIRTH_DATE,65*12) AND (ADD_MONTHS(BIRTH_DATE,75*12)-1)		Visit Details \ Age at visit \ 65-74 years old	@	2021-05-24 00:00:00.000	2021-05-24 00:00:00.000	2021-05-24 00:00:00.000	lcp5				
4	\ACT\Visit Details\Age at visit\65-74 years old\65 years old\	Visit at age 65 years old	N	LA 		DEM|AGE:65		encounter_num	visit_dimension	patient_num	N	IN	SELECT PATIENT_NUM FROM PATIENT_DIMENSION WHERE PATIENT_NUM = VISIT_DIMENSION.PATIENT_NUM AND TRUNC(VISIT_DIMENSION.START_DATE) BETWEEN ADD_MONTHS(BIRTH_DATE,65*12) AND (ADD_MONTHS(BIRTH_DATE,66*12)-1)		Visit Details \ Age at visit \ 65-74 years old \ 65 years old	@	2021-05-24 00:00:00.000	2021-05-24 00:00:00.000	2021-05-24 00:00:00.000	lcp5				
4	\ACT\Visit Details\Age at visit\65-74 years old\66 years old\	Visit at age 66 years old	N	LA 		DEM|AGE:66		encounter_num	visit_dimension	patient_num	N	IN	SELECT PATIENT_NUM FROM PATIENT_DIMENSION WHERE PATIENT_NUM = VISIT_DIMENSION.PATIENT_NUM AND TRUNC(VISIT_DIMENSION.START_DATE) BETWEEN ADD_MONTHS(BIRTH_DATE,66*12) AND (ADD_MONTHS(BIRTH_DATE,67*12)-1)		Visit Details \ Age at visit \ 65-74 years old \ 66 years old	@	2021-05-24 00:00:00.000	2021-05-24 00:00:00.000	2021-05-24 00:00:00.000	lcp5				
4	\ACT\Visit Details\Age at visit\65-74 years old\67 years old\	Visit at age 67 years old	N	LA 		DEM|AGE:67		encounter_num	visit_dimension	patient_num	N	IN	SELECT PATIENT_NUM FROM PATIENT_DIMENSION WHERE PATIENT_NUM = VISIT_DIMENSION.PATIENT_NUM AND TRUNC(VISIT_DIMENSION.START_DATE) BETWEEN ADD_MONTHS(BIRTH_DATE,67*12) AND (ADD_MONTHS(BIRTH_DATE,68*12)-1)		Visit Details \ Age at visit \ 65-74 years old \ 67 years old	@	2021-05-24 00:00:00.000	2021-05-24 00:00:00.000	2021-05-24 00:00:00.000	lcp5				
4	\ACT\Visit Details\Age at visit\65-74 years old\68 years old\	Visit at age 68 years old	N	LA 		DEM|AGE:68		encounter_num	visit_dimension	patient_num	N	IN	SELECT PATIENT_NUM FROM PATIENT_DIMENSION WHERE PATIENT_NUM = VISIT_DIMENSION.PATIENT_NUM AND TRUNC(VISIT_DIMENSION.START_DATE) BETWEEN ADD_MONTHS(BIRTH_DATE,68*12) AND (ADD_MONTHS(BIRTH_DATE,69*12)-1)		Visit Details \ Age at visit \ 65-74 years old \ 68 years old	@	2021-05-24 00:00:00.000	2021-05-24 00:00:00.000	2021-05-24 00:00:00.000	lcp5				
4	\ACT\Visit Details\Age at visit\65-74 years old\69 years old\	Visit at age 69 years old	N	LA 		DEM|AGE:69		encounter_num	visit_dimension	patient_num	N	IN	SELECT PATIENT_NUM FROM PATIENT_DIMENSION WHERE PATIENT_NUM = VISIT_DIMENSION.PATIENT_NUM AND TRUNC(VISIT_DIMENSION.START_DATE) BETWEEN ADD_MONTHS(BIRTH_DATE,69*12) AND (ADD_MONTHS(BIRTH_DATE,70*12)-1)		Visit Details \ Age at visit \ 65-74 years old \ 69 years old	@	2021-05-24 00:00:00.000	2021-05-24 00:00:00.000	2021-05-24 00:00:00.000	lcp5				
4	\ACT\Visit Details\Age at visit\65-74 years old\70 years old\	Visit at age 70 years old	N	LA 		DEM|AGE:70		encounter_num	visit_dimension	patient_num	N	IN	SELECT PATIENT_NUM FROM PATIENT_DIMENSION WHERE PATIENT_NUM = VISIT_DIMENSION.PATIENT_NUM AND TRUNC(VISIT_DIMENSION.START_DATE) BETWEEN ADD_MONTHS(BIRTH_DATE,70*12) AND (ADD_MONTHS(BIRTH_DATE,71*12)-1)		Visit Details \ Age at visit \ 65-74 years old \ 70 years old	@	2021-05-24 00:00:00.000	2021-05-24 00:00:00.000	2021-05-24 00:00:00.000	lcp5				
4	\ACT\Visit Details\Age at visit\65-74 years old\71 years old\	Visit at age 71 years old	N	LA 		DEM|AGE:71		encounter_num	visit_dimension	patient_num	N	IN	SELECT PATIENT_NUM FROM PATIENT_DIMENSION WHERE PATIENT_NUM = VISIT_DIMENSION.PATIENT_NUM AND TRUNC(VISIT_DIMENSION.START_DATE) BETWEEN ADD_MONTHS(BIRTH_DATE,71*12) AND (ADD_MONTHS(BIRTH_DATE,72*12)-1)		Visit Details \ Age at visit \ 65-74 years old \ 71 years old	@	2021-05-24 00:00:00.000	2021-05-24 00:00:00.000	2021-05-24 00:00:00.000	lcp5				
4	\ACT\Visit Details\Age at visit\65-74 years old\72 years old\	Visit at age 72 years old	N	LA 		DEM|AGE:72		encounter_num	visit_dimension	patient_num	N	IN	SELECT PATIENT_NUM FROM PATIENT_DIMENSION WHERE PATIENT_NUM = VISIT_DIMENSION.PATIENT_NUM AND TRUNC(VISIT_DIMENSION.START_DATE) BETWEEN ADD_MONTHS(BIRTH_DATE,72*12) AND (ADD_MONTHS(BIRTH_DATE,73*12)-1)		Visit Details \ Age at visit \ 65-74 years old \ 72 years old	@	2021-05-24 00:00:00.000	2021-05-24 00:00:00.000	2021-05-24 00:00:00.000	lcp5				
4	\ACT\Visit Details\Age at visit\65-74 years old\73 years old\	Visit at age 73 years old	N	LA 		DEM|AGE:73		encounter_num	visit_dimension	patient_num	N	IN	SELECT PATIENT_NUM FROM PATIENT_DIMENSION WHERE PATIENT_NUM = VISIT_DIMENSION.PATIENT_NUM AND TRUNC(VISIT_DIMENSION.START_DATE) BETWEEN ADD_MONTHS(BIRTH_DATE,73*12) AND (ADD_MONTHS(BIRTH_DATE,74*12)-1)		Visit Details \ Age at visit \ 65-74 years old \ 73 years old	@	2021-05-24 00:00:00.000	2021-05-24 00:00:00.000	2021-05-24 00:00:00.000	lcp5				
4	\ACT\Visit Details\Age at visit\0-9 years old\8 years old\	Visit at age 8 years old	N	LA 		DEM|AGE:8		encounter_num	visit_dimension	patient_num	N	IN	SELECT PATIENT_NUM FROM PATIENT_DIMENSION WHERE PATIENT_NUM = VISIT_DIMENSION.PATIENT_NUM AND TRUNC(VISIT_DIMENSION.START_DATE) BETWEEN ADD_MONTHS(BIRTH_DATE,8*12) AND (ADD_MONTHS(BIRTH_DATE,9*12)-1)		Visit Details \ Age at visit \ 0-9 years old \ 8 years old	@	2021-05-24 00:00:00.000	2021-05-24 00:00:00.000	2021-05-24 00:00:00.000	lcp5				
4	\ACT\Visit Details\Age at visit\0-9 years old\9 years old\	Visit at age 9 years old	N	LA 		DEM|AGE:9		encounter_num	visit_dimension	patient_num	N	IN	SELECT PATIENT_NUM FROM PATIENT_DIMENSION WHERE PATIENT_NUM = VISIT_DIMENSION.PATIENT_NUM AND TRUNC(VISIT_DIMENSION.START_DATE) BETWEEN ADD_MONTHS(BIRTH_DATE,9*12) AND (ADD_MONTHS(BIRTH_DATE,10*12)-1)		Visit Details \ Age at visit \ 0-9 years old \ 9 years old	@	2021-05-24 00:00:00.000	2021-05-24 00:00:00.000	2021-05-24 00:00:00.000	lcp5				
3	\ACT\Visit Details\Age at visit\10-17 years old\	Visit at ages 10-17 years old	N	FA 				encounter_num	visit_dimension	patient_num	N	IN	SELECT PATIENT_NUM FROM PATIENT_DIMENSION WHERE PATIENT_NUM = VISIT_DIMENSION.PATIENT_NUM AND TRUNC(VISIT_DIMENSION.START_DATE) BETWEEN ADD_MONTHS(BIRTH_DATE,10*12) AND (ADD_MONTHS(BIRTH_DATE,18*12)-1)		Visit Details \ Age at visit \ 10-17 years old	@	2021-05-24 00:00:00.000	2021-05-24 00:00:00.000	2021-05-24 00:00:00.000	lcp5				
4	\ACT\Visit Details\Age at visit\10-17 years old\10 years old\	Visit at age 10 years old	N	LA 		DEM|AGE:10		encounter_num	visit_dimension	patient_num	N	IN	SELECT PATIENT_NUM FROM PATIENT_DIMENSION WHERE PATIENT_NUM = VISIT_DIMENSION.PATIENT_NUM AND TRUNC(VISIT_DIMENSION.START_DATE) BETWEEN ADD_MONTHS(BIRTH_DATE,10*12) AND (ADD_MONTHS(BIRTH_DATE,11*12)-1)		Visit Details \ Age at visit \ 10-17 years old \ 10 years old	@	2021-05-24 00:00:00.000	2021-05-24 00:00:00.000	2021-05-24 00:00:00.000	lcp5				
4	\ACT\Visit Details\Age at visit\10-17 years old\11 years old\	Visit at age 11 years old	N	LA 		DEM|AGE:11		encounter_num	visit_dimension	patient_num	N	IN	SELECT PATIENT_NUM FROM PATIENT_DIMENSION WHERE PATIENT_NUM = VISIT_DIMENSION.PATIENT_NUM AND TRUNC(VISIT_DIMENSION.START_DATE) BETWEEN ADD_MONTHS(BIRTH_DATE,11*12) AND (ADD_MONTHS(BIRTH_DATE,12*12)-1)		Visit Details \ Age at visit \ 10-17 years old \ 11 years old	@	2021-05-24 00:00:00.000	2021-05-24 00:00:00.000	2021-05-24 00:00:00.000	lcp5				
4	\ACT\Visit Details\Age at visit\10-17 years old\12 years old\	Visit at age 12 years old	N	LA 		DEM|AGE:12		encounter_num	visit_dimension	patient_num	N	IN	SELECT PATIENT_NUM FROM PATIENT_DIMENSION WHERE PATIENT_NUM = VISIT_DIMENSION.PATIENT_NUM AND TRUNC(VISIT_DIMENSION.START_DATE) BETWEEN ADD_MONTHS(BIRTH_DATE,12*12) AND (ADD_MONTHS(BIRTH_DATE,13*12)-1)		Visit Details \ Age at visit \ 10-17 years old \ 12 years old	@	2021-05-24 00:00:00.000	2021-05-24 00:00:00.000	2021-05-24 00:00:00.000	lcp5				
4	\ACT\Visit Details\Age at visit\45-54 years old\46 years old\	Visit at age 46 years old	N	LA 		DEM|AGE:46		encounter_num	visit_dimension	patient_num	N	IN	SELECT PATIENT_NUM FROM PATIENT_DIMENSION WHERE PATIENT_NUM = VISIT_DIMENSION.PATIENT_NUM AND TRUNC(VISIT_DIMENSION.START_DATE) BETWEEN ADD_MONTHS(BIRTH_DATE,46*12) AND (ADD_MONTHS(BIRTH_DATE,47*12)-1)		Visit Details \ Age at visit \ 45-54 years old \ 46 years old	@	2021-05-24 00:00:00.000	2021-05-24 00:00:00.000	2021-05-24 00:00:00.000	lcp5				
4	\ACT\Visit Details\Age at visit\45-54 years old\47 years old\	Visit at age 47 years old	N	LA 		DEM|AGE:47		encounter_num	visit_dimension	patient_num	N	IN	SELECT PATIENT_NUM FROM PATIENT_DIMENSION WHERE PATIENT_NUM = VISIT_DIMENSION.PATIENT_NUM AND TRUNC(VISIT_DIMENSION.START_DATE) BETWEEN ADD_MONTHS(BIRTH_DATE,47*12) AND (ADD_MONTHS(BIRTH_DATE,48*12)-1)		Visit Details \ Age at visit \ 45-54 years old \ 47 years old	@	2021-05-24 00:00:00.000	2021-05-24 00:00:00.000	2021-05-24 00:00:00.000	lcp5				
4	\ACT\Visit Details\Age at visit\45-54 years old\48 years old\	Visit at age 48 years old	N	LA 		DEM|AGE:48		encounter_num	visit_dimension	patient_num	N	IN	SELECT PATIENT_NUM FROM PATIENT_DIMENSION WHERE PATIENT_NUM = VISIT_DIMENSION.PATIENT_NUM AND TRUNC(VISIT_DIMENSION.START_DATE) BETWEEN ADD_MONTHS(BIRTH_DATE,48*12) AND (ADD_MONTHS(BIRTH_DATE,49*12)-1)		Visit Details \ Age at visit \ 45-54 years old \ 48 years old	@	2021-05-24 00:00:00.000	2021-05-24 00:00:00.000	2021-05-24 00:00:00.000	lcp5				
4	\ACT\Visit Details\Age at visit\45-54 years old\49 years old\	Visit at age 49 years old	N	LA 		DEM|AGE:49		encounter_num	visit_dimension	patient_num	N	IN	SELECT PATIENT_NUM FROM PATIENT_DIMENSION WHERE PATIENT_NUM = VISIT_DIMENSION.PATIENT_NUM AND TRUNC(VISIT_DIMENSION.START_DATE) BETWEEN ADD_MONTHS(BIRTH_DATE,49*12) AND (ADD_MONTHS(BIRTH_DATE,50*12)-1)		Visit Details \ Age at visit \ 45-54 years old \ 49 years old	@	2021-05-24 00:00:00.000	2021-05-24 00:00:00.000	2021-05-24 00:00:00.000	lcp5				
4	\ACT\Visit Details\Age at visit\45-54 years old\50 years old\	Visit at age 50 years old	N	LA 		DEM|AGE:50		encounter_num	visit_dimension	patient_num	N	IN	SELECT PATIENT_NUM FROM PATIENT_DIMENSION WHERE PATIENT_NUM = VISIT_DIMENSION.PATIENT_NUM AND TRUNC(VISIT_DIMENSION.START_DATE) BETWEEN ADD_MONTHS(BIRTH_DATE,50*12) AND (ADD_MONTHS(BIRTH_DATE,51*12)-1)		Visit Details \ Age at visit \ 45-54 years old \ 50 years old	@	2021-05-24 00:00:00.000	2021-05-24 00:00:00.000	2021-05-24 00:00:00.000	lcp5				
4	\ACT\Visit Details\Age at visit\45-54 years old\51 years old\	Visit at age 51 years old	N	LA 		DEM|AGE:51		encounter_num	visit_dimension	patient_num	N	IN	SELECT PATIENT_NUM FROM PATIENT_DIMENSION WHERE PATIENT_NUM = VISIT_DIMENSION.PATIENT_NUM AND TRUNC(VISIT_DIMENSION.START_DATE) BETWEEN ADD_MONTHS(BIRTH_DATE,51*12) AND (ADD_MONTHS(BIRTH_DATE,52*12)-1)		Visit Details \ Age at visit \ 45-54 years old \ 51 years old	@	2021-05-24 00:00:00.000	2021-05-24 00:00:00.000	2021-05-24 00:00:00.000	lcp5				
4	\ACT\Visit Details\Age at visit\45-54 years old\52 years old\	Visit at age 52 years old	N	LA 		DEM|AGE:52		encounter_num	visit_dimension	patient_num	N	IN	SELECT PATIENT_NUM FROM PATIENT_DIMENSION WHERE PATIENT_NUM = VISIT_DIMENSION.PATIENT_NUM AND TRUNC(VISIT_DIMENSION.START_DATE) BETWEEN ADD_MONTHS(BIRTH_DATE,52*12) AND (ADD_MONTHS(BIRTH_DATE,53*12)-1)		Visit Details \ Age at visit \ 45-54 years old \ 52 years old	@	2021-05-24 00:00:00.000	2021-05-24 00:00:00.000	2021-05-24 00:00:00.000	lcp5				
4	\ACT\Visit Details\Age at visit\45-54 years old\53 years old\	Visit at age 53 years old	N	LA 		DEM|AGE:53		encounter_num	visit_dimension	patient_num	N	IN	SELECT PATIENT_NUM FROM PATIENT_DIMENSION WHERE PATIENT_NUM = VISIT_DIMENSION.PATIENT_NUM AND TRUNC(VISIT_DIMENSION.START_DATE) BETWEEN ADD_MONTHS(BIRTH_DATE,53*12) AND (ADD_MONTHS(BIRTH_DATE,54*12)-1)		Visit Details \ Age at visit \ 45-54 years old \ 53 years old	@	2021-05-24 00:00:00.000	2021-05-24 00:00:00.000	2021-05-24 00:00:00.000	lcp5				
4	\ACT\Visit Details\Age at visit\45-54 years old\54 years old\	Visit at age 54 years old	N	LA 		DEM|AGE:54		encounter_num	visit_dimension	patient_num	N	IN	SELECT PATIENT_NUM FROM PATIENT_DIMENSION WHERE PATIENT_NUM = VISIT_DIMENSION.PATIENT_NUM AND TRUNC(VISIT_DIMENSION.START_DATE) BETWEEN ADD_MONTHS(BIRTH_DATE,54*12) AND (ADD_MONTHS(BIRTH_DATE,55*12)-1)		Visit Details \ Age at visit \ 45-54 years old \ 54 years old	@	2021-05-24 00:00:00.000	2021-05-24 00:00:00.000	2021-05-24 00:00:00.000	lcp5				
3	\ACT\Visit Details\Age at visit\55-64 years old\	Visit at ages 55-64 years old	N	FA 				encounter_num	visit_dimension	patient_num	N	IN	SELECT PATIENT_NUM FROM PATIENT_DIMENSION WHERE PATIENT_NUM = VISIT_DIMENSION.PATIENT_NUM AND TRUNC(VISIT_DIMENSION.START_DATE) BETWEEN ADD_MONTHS(BIRTH_DATE,55*12) AND (ADD_MONTHS(BIRTH_DATE,65*12)-1)		Visit Details \ Age at visit \ 55-64 years old	@	2021-05-24 00:00:00.000	2021-05-24 00:00:00.000	2021-05-24 00:00:00.000	lcp5				
4	\ACT\Visit Details\Age at visit\55-64 years old\55 years old\	Visit at age 55 years old	N	LA 		DEM|AGE:55		encounter_num	visit_dimension	patient_num	N	IN	SELECT PATIENT_NUM FROM PATIENT_DIMENSION WHERE PATIENT_NUM = VISIT_DIMENSION.PATIENT_NUM AND TRUNC(VISIT_DIMENSION.START_DATE) BETWEEN ADD_MONTHS(BIRTH_DATE,55*12) AND (ADD_MONTHS(BIRTH_DATE,56*12)-1)		Visit Details \ Age at visit \ 55-64 years old \ 55 years old	@	2021-05-24 00:00:00.000	2021-05-24 00:00:00.000	2021-05-24 00:00:00.000	lcp5				
4	\ACT\Visit Details\Age at visit\55-64 years old\56 years old\	Visit at age 56 years old	N	LA 		DEM|AGE:56		encounter_num	visit_dimension	patient_num	N	IN	SELECT PATIENT_NUM FROM PATIENT_DIMENSION WHERE PATIENT_NUM = VISIT_DIMENSION.PATIENT_NUM AND TRUNC(VISIT_DIMENSION.START_DATE) BETWEEN ADD_MONTHS(BIRTH_DATE,56*12) AND (ADD_MONTHS(BIRTH_DATE,57*12)-1)		Visit Details \ Age at visit \ 55-64 years old \ 56 years old	@	2021-05-24 00:00:00.000	2021-05-24 00:00:00.000	2021-05-24 00:00:00.000	lcp5				
4	\ACT\Visit Details\Age at visit\55-64 years old\57 years old\	Visit at age 57 years old	N	LA 		DEM|AGE:57		encounter_num	visit_dimension	patient_num	N	IN	SELECT PATIENT_NUM FROM PATIENT_DIMENSION WHERE PATIENT_NUM = VISIT_DIMENSION.PATIENT_NUM AND TRUNC(VISIT_DIMENSION.START_DATE) BETWEEN ADD_MONTHS(BIRTH_DATE,57*12) AND (ADD_MONTHS(BIRTH_DATE,58*12)-1)		Visit Details \ Age at visit \ 55-64 years old \ 57 years old	@	2021-05-24 00:00:00.000	2021-05-24 00:00:00.000	2021-05-24 00:00:00.000	lcp5				
1	\ACT\Visit Details\	Visit Details	N	CA 				concept_cd	concept_dimension	concept_path	T	LIKE	\i2b2\Visit Details\		Visit Details	@	2021-05-24 00:00:00.000	2021-05-24 00:00:00.000	2021-05-24 00:00:00.000					
4	\ACT\Visit Details\Age at visit\55-64 years old\58 years old\	Visit at age 58 years old	N	LA 		DEM|AGE:58		encounter_num	visit_dimension	patient_num	N	IN	SELECT PATIENT_NUM FROM PATIENT_DIMENSION WHERE PATIENT_NUM = VISIT_DIMENSION.PATIENT_NUM AND TRUNC(VISIT_DIMENSION.START_DATE) BETWEEN ADD_MONTHS(BIRTH_DATE,58*12) AND (ADD_MONTHS(BIRTH_DATE,59*12)-1)		Visit Details \ Age at visit \ 55-64 years old \ 58 years old	@	2021-05-24 00:00:00.000	2021-05-24 00:00:00.000	2021-05-24 00:00:00.000	lcp5				
4	\ACT\Visit Details\Age at visit\75-84 years old\84 years old\	Visit at age 84 years old	N	LA 		DEM|AGE:84		encounter_num	visit_dimension	patient_num	N	IN	SELECT PATIENT_NUM FROM PATIENT_DIMENSION WHERE PATIENT_NUM = VISIT_DIMENSION.PATIENT_NUM AND TRUNC(VISIT_DIMENSION.START_DATE) BETWEEN ADD_MONTHS(BIRTH_DATE,84*12) AND (ADD_MONTHS(BIRTH_DATE,85*12)-1)		Visit Details \ Age at visit \ 75-84 years old \ 84 years old	@	2021-05-24 00:00:00.000	2021-05-24 00:00:00.000	2021-05-24 00:00:00.000	lcp5				
4	\ACT\Visit Details\Age at visit\10-17 years old\13 years old\	Visit at age 13 years old	N	LA 		DEM|AGE:13		encounter_num	visit_dimension	patient_num	N	IN	SELECT PATIENT_NUM FROM PATIENT_DIMENSION WHERE PATIENT_NUM = VISIT_DIMENSION.PATIENT_NUM AND TRUNC(VISIT_DIMENSION.START_DATE) BETWEEN ADD_MONTHS(BIRTH_DATE,13*12) AND (ADD_MONTHS(BIRTH_DATE,14*12)-1)		Visit Details \ Age at visit \ 10-17 years old \ 13 years old	@	2021-05-24 00:00:00.000	2021-05-24 00:00:00.000	2021-05-24 00:00:00.000	lcp5				
4	\ACT\Visit Details\Age at visit\10-17 years old\14 years old\	Visit at age 14 years old	N	LA 		DEM|AGE:14		encounter_num	visit_dimension	patient_num	N	IN	SELECT PATIENT_NUM FROM PATIENT_DIMENSION WHERE PATIENT_NUM = VISIT_DIMENSION.PATIENT_NUM AND TRUNC(VISIT_DIMENSION.START_DATE) BETWEEN ADD_MONTHS(BIRTH_DATE,14*12) AND (ADD_MONTHS(BIRTH_DATE,15*12)-1)		Visit Details \ Age at visit \ 10-17 years old \ 14 years old	@	2021-05-24 00:00:00.000	2021-05-24 00:00:00.000	2021-05-24 00:00:00.000	lcp5				
4	\ACT\Visit Details\Age at visit\10-17 years old\15 years old\	Visit at age 15 years old	N	LA 		DEM|AGE:15		encounter_num	visit_dimension	patient_num	N	IN	SELECT PATIENT_NUM FROM PATIENT_DIMENSION WHERE PATIENT_NUM = VISIT_DIMENSION.PATIENT_NUM AND TRUNC(VISIT_DIMENSION.START_DATE) BETWEEN ADD_MONTHS(BIRTH_DATE,15*12) AND (ADD_MONTHS(BIRTH_DATE,16*12)-1)		Visit Details \ Age at visit \ 10-17 years old \ 15 years old	@	2021-05-24 00:00:00.000	2021-05-24 00:00:00.000	2021-05-24 00:00:00.000	lcp5				
4	\ACT\Visit Details\Age at visit\10-17 years old\16 years old\	Visit at age 16 years old	N	LA 		DEM|AGE:16		encounter_num	visit_dimension	patient_num	N	IN	SELECT PATIENT_NUM FROM PATIENT_DIMENSION WHERE PATIENT_NUM = VISIT_DIMENSION.PATIENT_NUM AND TRUNC(VISIT_DIMENSION.START_DATE) BETWEEN ADD_MONTHS(BIRTH_DATE,16*12) AND (ADD_MONTHS(BIRTH_DATE,17*12)-1)		Visit Details \ Age at visit \ 10-17 years old \ 16 years old	@	2021-05-24 00:00:00.000	2021-05-24 00:00:00.000	2021-05-24 00:00:00.000	lcp5				
4	\ACT\Visit Details\Age at visit\10-17 years old\17 years old\	Visit at age 17 years old	N	LA 		DEM|AGE:17		encounter_num	visit_dimension	patient_num	N	IN	SELECT PATIENT_NUM FROM PATIENT_DIMENSION WHERE PATIENT_NUM = VISIT_DIMENSION.PATIENT_NUM AND TRUNC(VISIT_DIMENSION.START_DATE) BETWEEN ADD_MONTHS(BIRTH_DATE,17*12) AND (ADD_MONTHS(BIRTH_DATE,18*12)-1)		Visit Details \ Age at visit \ 10-17 years old \ 17 years old	@	2021-05-24 00:00:00.000	2021-05-24 00:00:00.000	2021-05-24 00:00:00.000	lcp5				
3	\ACT\Visit Details\Age at visit\18-34 years old\	Visit at ages 18-34 years old	N	FA 				encounter_num	visit_dimension	patient_num	N	IN	SELECT PATIENT_NUM FROM PATIENT_DIMENSION WHERE PATIENT_NUM = VISIT_DIMENSION.PATIENT_NUM AND TRUNC(VISIT_DIMENSION.START_DATE) BETWEEN ADD_MONTHS(BIRTH_DATE,18*12) AND (ADD_MONTHS(BIRTH_DATE,35*12)-1)		Visit Details \ Age at visit \ 18-34 years old	@	2021-05-24 00:00:00.000	2021-05-24 00:00:00.000	2021-05-24 00:00:00.000	lcp5				
4	\ACT\Visit Details\Age at visit\18-34 years old\18 years old\	Visit at age 18 years old	N	LA 		DEM|AGE:18		encounter_num	visit_dimension	patient_num	N	IN	SELECT PATIENT_NUM FROM PATIENT_DIMENSION WHERE PATIENT_NUM = VISIT_DIMENSION.PATIENT_NUM AND TRUNC(VISIT_DIMENSION.START_DATE) BETWEEN ADD_MONTHS(BIRTH_DATE,18*12) AND (ADD_MONTHS(BIRTH_DATE,19*12)-1)		Visit Details \ Age at visit \ 18-34 years old \ 18 years old	@	2021-05-24 00:00:00.000	2021-05-24 00:00:00.000	2021-05-24 00:00:00.000	lcp5				
4	\ACT\Visit Details\Age at visit\18-34 years old\19 years old\	Visit at age 19 years old	N	LA 		DEM|AGE:19		encounter_num	visit_dimension	patient_num	N	IN	SELECT PATIENT_NUM FROM PATIENT_DIMENSION WHERE PATIENT_NUM = VISIT_DIMENSION.PATIENT_NUM AND TRUNC(VISIT_DIMENSION.START_DATE) BETWEEN ADD_MONTHS(BIRTH_DATE,19*12) AND (ADD_MONTHS(BIRTH_DATE,20*12)-1)		Visit Details \ Age at visit \ 18-34 years old \ 19 years old	@	2021-05-24 00:00:00.000	2021-05-24 00:00:00.000	2021-05-24 00:00:00.000	lcp5				
4	\ACT\Visit Details\Age at visit\18-34 years old\20 years old\	Visit at age 20 years old	N	LA 		DEM|AGE:20		encounter_num	visit_dimension	patient_num	N	IN	SELECT PATIENT_NUM FROM PATIENT_DIMENSION WHERE PATIENT_NUM = VISIT_DIMENSION.PATIENT_NUM AND TRUNC(VISIT_DIMENSION.START_DATE) BETWEEN ADD_MONTHS(BIRTH_DATE,20*12) AND (ADD_MONTHS(BIRTH_DATE,21*12)-1)		Visit Details \ Age at visit \ 18-34 years old \ 20 years old	@	2021-05-24 00:00:00.000	2021-05-24 00:00:00.000	2021-05-24 00:00:00.000	lcp5				
4	\ACT\Visit Details\Age at visit\18-34 years old\21 years old\	Visit at age 21 years old	N	LA 		DEM|AGE:21		encounter_num	visit_dimension	patient_num	N	IN	SELECT PATIENT_NUM FROM PATIENT_DIMENSION WHERE PATIENT_NUM = VISIT_DIMENSION.PATIENT_NUM AND TRUNC(VISIT_DIMENSION.START_DATE) BETWEEN ADD_MONTHS(BIRTH_DATE,21*12) AND (ADD_MONTHS(BIRTH_DATE,22*12)-1)		Visit Details \ Age at visit \ 18-34 years old \ 21 years old	@	2021-05-24 00:00:00.000	2021-05-24 00:00:00.000	2021-05-24 00:00:00.000	lcp5				
4	\ACT\Visit Details\Age at visit\18-34 years old\22 years old\	Visit at age 22 years old	N	LA 		DEM|AGE:22		encounter_num	visit_dimension	patient_num	N	IN	SELECT PATIENT_NUM FROM PATIENT_DIMENSION WHERE PATIENT_NUM = VISIT_DIMENSION.PATIENT_NUM AND TRUNC(VISIT_DIMENSION.START_DATE) BETWEEN ADD_MONTHS(BIRTH_DATE,22*12) AND (ADD_MONTHS(BIRTH_DATE,23*12)-1)		Visit Details \ Age at visit \ 18-34 years old \ 22 years old	@	2021-05-24 00:00:00.000	2021-05-24 00:00:00.000	2021-05-24 00:00:00.000	lcp5				
4	\ACT\Visit Details\Age at visit\18-34 years old\23 years old\	Visit at age 23 years old	N	LA 		DEM|AGE:23		encounter_num	visit_dimension	patient_num	N	IN	SELECT PATIENT_NUM FROM PATIENT_DIMENSION WHERE PATIENT_NUM = VISIT_DIMENSION.PATIENT_NUM AND TRUNC(VISIT_DIMENSION.START_DATE) BETWEEN ADD_MONTHS(BIRTH_DATE,23*12) AND (ADD_MONTHS(BIRTH_DATE,24*12)-1)		Visit Details \ Age at visit \ 18-34 years old \ 23 years old	@	2021-05-24 00:00:00.000	2021-05-24 00:00:00.000	2021-05-24 00:00:00.000	lcp5				
4	\ACT\Visit Details\Age at visit\65-74 years old\74 years old\	Visit at age 74 years old	N	LA 		DEM|AGE:74		encounter_num	visit_dimension	patient_num	N	IN	SELECT PATIENT_NUM FROM PATIENT_DIMENSION WHERE PATIENT_NUM = VISIT_DIMENSION.PATIENT_NUM AND TRUNC(VISIT_DIMENSION.START_DATE) BETWEEN ADD_MONTHS(BIRTH_DATE,74*12) AND (ADD_MONTHS(BIRTH_DATE,75*12)-1)		Visit Details \ Age at visit \ 65-74 years old \ 74 years old	@	2021-05-24 00:00:00.000	2021-05-24 00:00:00.000	2021-05-24 00:00:00.000	lcp5				
3	\ACT\Visit Details\Age at visit\75-84 years old\	Visit at ages 75-84 years old	N	FA 				encounter_num	visit_dimension	patient_num	N	IN	SELECT PATIENT_NUM FROM PATIENT_DIMENSION WHERE PATIENT_NUM = VISIT_DIMENSION.PATIENT_NUM AND TRUNC(VISIT_DIMENSION.START_DATE) BETWEEN ADD_MONTHS(BIRTH_DATE,75*12) AND (ADD_MONTHS(BIRTH_DATE,85*12)-1)		Visit Details \ Age at visit \ 75-84 years old	@	2021-05-24 00:00:00.000	2021-05-24 00:00:00.000	2021-05-24 00:00:00.000	lcp5				
4	\ACT\Visit Details\Age at visit\75-84 years old\75 years old\	Visit at age 75 years old	N	LA 		DEM|AGE:75		encounter_num	visit_dimension	patient_num	N	IN	SELECT PATIENT_NUM FROM PATIENT_DIMENSION WHERE PATIENT_NUM = VISIT_DIMENSION.PATIENT_NUM AND TRUNC(VISIT_DIMENSION.START_DATE) BETWEEN ADD_MONTHS(BIRTH_DATE,75*12) AND (ADD_MONTHS(BIRTH_DATE,76*12)-1)		Visit Details \ Age at visit \ 75-84 years old \ 75 years old	@	2021-05-24 00:00:00.000	2021-05-24 00:00:00.000	2021-05-24 00:00:00.000	lcp5				
4	\ACT\Visit Details\Age at visit\75-84 years old\76 years old\	Visit at age 76 years old	N	LA 		DEM|AGE:76		encounter_num	visit_dimension	patient_num	N	IN	SELECT PATIENT_NUM FROM PATIENT_DIMENSION WHERE PATIENT_NUM = VISIT_DIMENSION.PATIENT_NUM AND TRUNC(VISIT_DIMENSION.START_DATE) BETWEEN ADD_MONTHS(BIRTH_DATE,76*12) AND (ADD_MONTHS(BIRTH_DATE,77*12)-1)		Visit Details \ Age at visit \ 75-84 years old \ 76 years old	@	2021-05-24 00:00:00.000	2021-05-24 00:00:00.000	2021-05-24 00:00:00.000	lcp5				
4	\ACT\Visit Details\Age at visit\75-84 years old\77 years old\	Visit at age 77 years old	N	LA 		DEM|AGE:77		encounter_num	visit_dimension	patient_num	N	IN	SELECT PATIENT_NUM FROM PATIENT_DIMENSION WHERE PATIENT_NUM = VISIT_DIMENSION.PATIENT_NUM AND TRUNC(VISIT_DIMENSION.START_DATE) BETWEEN ADD_MONTHS(BIRTH_DATE,77*12) AND (ADD_MONTHS(BIRTH_DATE,78*12)-1)		Visit Details \ Age at visit \ 75-84 years old \ 77 years old	@	2021-05-24 00:00:00.000	2021-05-24 00:00:00.000	2021-05-24 00:00:00.000	lcp5				
4	\ACT\Visit Details\Age at visit\75-84 years old\78 years old\	Visit at age 78 years old	N	LA 		DEM|AGE:78		encounter_num	visit_dimension	patient_num	N	IN	SELECT PATIENT_NUM FROM PATIENT_DIMENSION WHERE PATIENT_NUM = VISIT_DIMENSION.PATIENT_NUM AND TRUNC(VISIT_DIMENSION.START_DATE) BETWEEN ADD_MONTHS(BIRTH_DATE,78*12) AND (ADD_MONTHS(BIRTH_DATE,79*12)-1)		Visit Details \ Age at visit \ 75-84 years old \ 78 years old	@	2021-05-24 00:00:00.000	2021-05-24 00:00:00.000	2021-05-24 00:00:00.000	lcp5				
4	\ACT\Visit Details\Age at visit\75-84 years old\79 years old\	Visit at age 79 years old	N	LA 		DEM|AGE:79		encounter_num	visit_dimension	patient_num	N	IN	SELECT PATIENT_NUM FROM PATIENT_DIMENSION WHERE PATIENT_NUM = VISIT_DIMENSION.PATIENT_NUM AND TRUNC(VISIT_DIMENSION.START_DATE) BETWEEN ADD_MONTHS(BIRTH_DATE,79*12) AND (ADD_MONTHS(BIRTH_DATE,80*12)-1)		Visit Details \ Age at visit \ 75-84 years old \ 79 years old	@	2021-05-24 00:00:00.000	2021-05-24 00:00:00.000	2021-05-24 00:00:00.000	lcp5				
4	\ACT\Visit Details\Age at visit\75-84 years old\80 years old\	Visit at age 80 years old	N	LA 		DEM|AGE:80		encounter_num	visit_dimension	patient_num	N	IN	SELECT PATIENT_NUM FROM PATIENT_DIMENSION WHERE PATIENT_NUM = VISIT_DIMENSION.PATIENT_NUM AND TRUNC(VISIT_DIMENSION.START_DATE) BETWEEN ADD_MONTHS(BIRTH_DATE,80*12) AND (ADD_MONTHS(BIRTH_DATE,81*12)-1)		Visit Details \ Age at visit \ 75-84 years old \ 80 years old	@	2021-05-24 00:00:00.000	2021-05-24 00:00:00.000	2021-05-24 00:00:00.000	lcp5				
4	\ACT\Visit Details\Age at visit\75-84 years old\81 years old\	Visit at age 81 years old	N	LA 		DEM|AGE:81		encounter_num	visit_dimension	patient_num	N	IN	SELECT PATIENT_NUM FROM PATIENT_DIMENSION WHERE PATIENT_NUM = VISIT_DIMENSION.PATIENT_NUM AND TRUNC(VISIT_DIMENSION.START_DATE) BETWEEN ADD_MONTHS(BIRTH_DATE,81*12) AND (ADD_MONTHS(BIRTH_DATE,82*12)-1)		Visit Details \ Age at visit \ 75-84 years old \ 81 years old	@	2021-05-24 00:00:00.000	2021-05-24 00:00:00.000	2021-05-24 00:00:00.000	lcp5				
4	\ACT\Visit Details\Age at visit\75-84 years old\82 years old\	Visit at age 82 years old	N	LA 		DEM|AGE:82		encounter_num	visit_dimension	patient_num	N	IN	SELECT PATIENT_NUM FROM PATIENT_DIMENSION WHERE PATIENT_NUM = VISIT_DIMENSION.PATIENT_NUM AND TRUNC(VISIT_DIMENSION.START_DATE) BETWEEN ADD_MONTHS(BIRTH_DATE,82*12) AND (ADD_MONTHS(BIRTH_DATE,83*12)-1)		Visit Details \ Age at visit \ 75-84 years old \ 82 years old	@	2021-05-24 00:00:00.000	2021-05-24 00:00:00.000	2021-05-24 00:00:00.000	lcp5				
4	\ACT\Visit Details\Age at visit\75-84 years old\83 years old\	Visit at age 83 years old	N	LA 		DEM|AGE:83		encounter_num	visit_dimension	patient_num	N	IN	SELECT PATIENT_NUM FROM PATIENT_DIMENSION WHERE PATIENT_NUM = VISIT_DIMENSION.PATIENT_NUM AND TRUNC(VISIT_DIMENSION.START_DATE) BETWEEN ADD_MONTHS(BIRTH_DATE,83*12) AND (ADD_MONTHS(BIRTH_DATE,84*12)-1)		Visit Details \ Age at visit \ 75-84 years old \ 83 years old	@	2021-05-24 00:00:00.000	2021-05-24 00:00:00.000	2021-05-24 00:00:00.000	lcp5				
4	\ACT\Visit Details\Age at visit\18-34 years old\27 years old\	Visit at age 27 years old	N	LA 		DEM|AGE:27		encounter_num	visit_dimension	patient_num	N	IN	SELECT PATIENT_NUM FROM PATIENT_DIMENSION WHERE PATIENT_NUM = VISIT_DIMENSION.PATIENT_NUM AND TRUNC(VISIT_DIMENSION.START_DATE) BETWEEN ADD_MONTHS(BIRTH_DATE,27*12) AND (ADD_MONTHS(BIRTH_DATE,28*12)-1)		Visit Details \ Age at visit \ 18-34 years old \ 27 years old	@	2021-05-24 00:00:00.000	2021-05-24 00:00:00.000	2021-05-24 00:00:00.000	lcp5				
4	\ACT\Visit Details\Age at visit\18-34 years old\28 years old\	Visit at age 28 years old	N	LA 		DEM|AGE:28		encounter_num	visit_dimension	patient_num	N	IN	SELECT PATIENT_NUM FROM PATIENT_DIMENSION WHERE PATIENT_NUM = VISIT_DIMENSION.PATIENT_NUM AND TRUNC(VISIT_DIMENSION.START_DATE) BETWEEN ADD_MONTHS(BIRTH_DATE,28*12) AND (ADD_MONTHS(BIRTH_DATE,29*12)-1)		Visit Details \ Age at visit \ 18-34 years old \ 28 years old	@	2021-05-24 00:00:00.000	2021-05-24 00:00:00.000	2021-05-24 00:00:00.000	lcp5				
4	\ACT\Visit Details\Age at visit\18-34 years old\29 years old\	Visit at age 29 years old	N	LA 		DEM|AGE:29		encounter_num	visit_dimension	patient_num	N	IN	SELECT PATIENT_NUM FROM PATIENT_DIMENSION WHERE PATIENT_NUM = VISIT_DIMENSION.PATIENT_NUM AND TRUNC(VISIT_DIMENSION.START_DATE) BETWEEN ADD_MONTHS(BIRTH_DATE,29*12) AND (ADD_MONTHS(BIRTH_DATE,30*12)-1)		Visit Details \ Age at visit \ 18-34 years old \ 29 years old	@	2021-05-24 00:00:00.000	2021-05-24 00:00:00.000	2021-05-24 00:00:00.000	lcp5				
4	\ACT\Visit Details\Age at visit\18-34 years old\30 years old\	Visit at age 30 years old	N	LA 		DEM|AGE:30		encounter_num	visit_dimension	patient_num	N	IN	SELECT PATIENT_NUM FROM PATIENT_DIMENSION WHERE PATIENT_NUM = VISIT_DIMENSION.PATIENT_NUM AND TRUNC(VISIT_DIMENSION.START_DATE) BETWEEN ADD_MONTHS(BIRTH_DATE,30*12) AND (ADD_MONTHS(BIRTH_DATE,31*12)-1)		Visit Details \ Age at visit \ 18-34 years old \ 30 years old	@	2021-05-24 00:00:00.000	2021-05-24 00:00:00.000	2021-05-24 00:00:00.000	lcp5				
2	\ACT\Visit Details\Length of stay\	Length of stay	N	FA 				encounter_num	visit_dimension	length_of_stay	N	>	"0"		Visit Details \ Length of stay	@	2021-05-24 00:00:00.000	2021-05-24 00:00:00.000	2021-05-24 00:00:00.000					
3	\ACT\Visit Details\Length of stay\ > 10 days\	> 10 days	N	LA 				encounter_num	visit_dimension	length_of_stay	N	>	"10"		Visit Details \ Length of stay \ > 10 days	@	2021-05-24 00:00:00.000	2021-05-24 00:00:00.000	2021-05-24 00:00:00.000					
3	\ACT\Visit Details\Length of stay\0 days\	"0 day"	N	LA 		"0"		encounter_num	visit_dimension	length_of_stay	N	=	"0"		Visit Details \ Length of stay \ 0 day	@	2021-05-24 00:00:00.000	2021-05-24 00:00:00.000	2021-05-24 00:00:00.000					
3	\ACT\Visit Details\Length of stay\1 day\	"1 day"	N	LA 		"1"		encounter_num	visit_dimension	length_of_stay	N	=	"1"		Visit Details \ Length of stay \ 1 day	@	2021-05-24 00:00:00.000	2021-05-24 00:00:00.000	2021-05-24 00:00:00.000					
3	\ACT\Visit Details\Length of stay\10 days\	"10 days"	N	LA 		"10"		encounter_num	visit_dimension	length_of_stay	N	=	"10"		Visit Details \ Length of stay \ 10 days	@	2021-05-24 00:00:00.000	2021-05-24 00:00:00.000	2021-05-24 00:00:00.000					
3	\ACT\Visit Details\Length of stay\2 days\	"2 days"	N	LA 		"2"		encounter_num	visit_dimension	length_of_stay	N	=	"2"		Visit Details \ Length of stay \ 2 days	@	2021-05-24 00:00:00.000	2021-05-24 00:00:00.000	2021-05-24 00:00:00.000					
3	\ACT\Visit Details\Length of stay\3 days\	"3 days"	N	LA 		"3"		encounter_num	visit_dimension	length_of_stay	N	=	"3"		Visit Details \ Length of stay \ 3 days	@	2021-05-24 00:00:00.000	2021-05-24 00:00:00.000	2021-05-24 00:00:00.000					
3	\ACT\Visit Details\Length of stay\4 days\	"4 days"	N	LA 		"4"		encounter_num	visit_dimension	length_of_stay	N	=	"4"		Visit Details \ Length of stay \ 4 days	@	2021-05-24 00:00:00.000	2021-05-24 00:00:00.000	2021-05-24 00:00:00.000					
3	\ACT\Visit Details\Length of stay\5 days\	"5 days"	N	LA 		"5"		encounter_num	visit_dimension	length_of_stay	N	=	"5"		Visit Details \ Length of stay \ 5 days	@	2021-05-24 00:00:00.000	2021-05-24 00:00:00.000	2021-05-24 00:00:00.000					
3	\ACT\Visit Details\Length of stay\6 days\	"6 days"	N	LA 		"6"		encounter_num	visit_dimension	length_of_stay	N	=	"6"		Visit Details \ Length of stay \ 6 days	@	2021-05-24 00:00:00.000	2021-05-24 00:00:00.000	2021-05-24 00:00:00.000					
3	\ACT\Visit Details\Length of stay\7 days\	"7 days"	N	LA 		"7"		encounter_num	visit_dimension	length_of_stay	N	=	"7"		Visit Details \ Length of stay \ 7 days	@	2021-05-24 00:00:00.000	2021-05-24 00:00:00.000	2021-05-24 00:00:00.000					
3	\ACT\Visit Details\Length of stay\8 days\	"8 days"	N	LA 		"8"		encounter_num	visit_dimension	length_of_stay	N	=	"8"		Visit Details \ Length of stay \ 8 days	@	2021-05-24 00:00:00.000	2021-05-24 00:00:00.000	2021-05-24 00:00:00.000					
3	\ACT\Visit Details\Length of stay\9 days\	"9 days"	N	LA 		"9"		encounter_num	visit_dimension	length_of_stay	N	=	"9"		Visit Details \ Length of stay \ 9 days	@	2021-05-24 00:00:00.000	2021-05-24 00:00:00.000	2021-05-24 00:00:00.000					
2	\ACT\Visit Details\Version\	V4.0_2020AB	N	LI 				concept_cd	concept_dimension	concept_path	T	LIKE	\ACT\Visit Details\Version\		Visit Details \ Version	@	2021-05-24 00:00:00.000	2021-05-24 00:00:00.000	2021-05-24 00:00:00.000					
2	\ACT\Visit Details\Visit type\	Visit type	N	FA 				encounter_num	visit_dimension	inout_cd	T	IN	'I','O','E','X','N','EI','NA','T','LTC'		Visit Details \ Visit type	@	2021-05-24 00:00:00.000	2021-05-24 00:00:00.000	2021-05-24 00:00:00.000					
3	\ACT\Visit Details\Visit type\ER visit admit to inpatient\	Emergency Department Visit Admit To Inpatient	N	LA 		EI		encounter_num	visit_dimension	inout_cd	T	=	EI		Visit Details\Visit type\ER visit admit to inpatient\	@	2021-05-24 00:00:00.000	2021-05-24 00:00:00.000	2021-05-24 00:00:00.000					
3	\ACT\Visit Details\Visit type\ER visit\	Emergency Department Visit	N	LA 		E		encounter_num	visit_dimension	inout_cd	T	=	E		Visit Details \ Visit type \ Emergency Department Visit	@	2021-05-24 00:00:00.000	2021-05-24 00:00:00.000	2021-05-24 00:00:00.000					
3	\ACT\Visit Details\Visit type\Inpatient visit\	Inpatient Hospital Stay	N	LA 		I		encounter_num	visit_dimension	inout_cd	T	=	I		Visit Details \ Visit type \ Inpatient Hospital Stay	@	2021-05-24 00:00:00.000	2021-05-24 00:00:00.000	2021-05-24 00:00:00.000					
3	\ACT\Visit Details\Visit type\Long Term Care visit\	Long Term Care Visit	N	LA 		LTC		encounter_num	visit_dimension	inout_cd	T	=	LTC		Visit Details \ Visit type \ Long Term Care Visit	@	2021-05-24 00:00:00.000	2021-05-24 00:00:00.000	2021-05-24 00:00:00.000					
3	\ACT\Visit Details\Visit type\No Information\	No Information	N	LA 		N		encounter_num	visit_dimension	inout_cd	T	=	N		Visit Details \ Visit type \ No Information	@	2021-05-24 00:00:00.000	2021-05-24 00:00:00.000	2021-05-24 00:00:00.000					
3	\ACT\Visit Details\Visit type\Other Outpatient visit\	Other Ambulatory Visit	N	LA 		X		encounter_num	visit_dimension	inout_cd	T	=	X		Visit Details \ Visit type \ Other Ambulatory Visit	@	2021-05-24 00:00:00.000	2021-05-24 00:00:00.000	2021-05-24 00:00:00.000					
3	\ACT\Visit Details\Visit type\Outpatient visit\	Ambulatory Visit	N	LA 		O		encounter_num	visit_dimension	inout_cd	T	=	O		Visit Details \ Visit type \ Ambulatory Visit	@	2021-05-24 00:00:00.000	2021-05-24 00:00:00.000	2021-05-24 00:00:00.000					
3	\ACT\Visit Details\Visit type\Tele-Health visit\	Tele-Health Visit	N	LA 		T		encounter_num	visit_dimension	inout_cd	T	=	T		Visit Details \ Visit type \ Tele-Health Visit	@	2021-05-24 00:00:00.000	2021-05-24 00:00:00.000	2021-05-24 00:00:00.000					
4	\ACT\Visit Details\Age at visit\18-34 years old\31 years old\	Visit at age 31 years old	N	LA 		DEM|AGE:31		encounter_num	visit_dimension	patient_num	N	IN	SELECT PATIENT_NUM FROM PATIENT_DIMENSION WHERE PATIENT_NUM = VISIT_DIMENSION.PATIENT_NUM AND TRUNC(VISIT_DIMENSION.START_DATE) BETWEEN ADD_MONTHS(BIRTH_DATE,31*12) AND (ADD_MONTHS(BIRTH_DATE,32*12)-1)		Visit Details \ Age at visit \ 18-34 years old \ 31 years old	@	2021-05-24 00:00:00.000	2021-05-24 00:00:00.000	2021-05-24 00:00:00.000	lcp5				
5	\ACT\Visit Details\Age at visit\0-9 years old\1 years old\16 months\	Visit at age 16 months	N	LA 		DEM|AGE:1.4		encounter_num	visit_dimension	patient_num	N	IN	SELECT PATIENT_NUM FROM PATIENT_DIMENSION WHERE PATIENT_NUM = VISIT_DIMENSION.PATIENT_NUM AND TRUNC(VISIT_DIMENSION.START_DATE) BETWEEN ADD_MONTHS(BIRTH_DATE,16) AND ADD_MONTHS(BIRTH_DATE,17)-1		Visit Details \ Age at visit \ \ 04 months \	@	2021-05-24 00:00:00.000	2021-05-24 00:00:00.000	2021-05-24 00:00:00.000					
5	\ACT\Visit Details\Age at visit\0-9 years old\1 years old\17 months\	Visit at age 17 months	N	LA 		DEM|AGE:1.5		encounter_num	visit_dimension	patient_num	N	IN	SELECT PATIENT_NUM FROM PATIENT_DIMENSION WHERE PATIENT_NUM = VISIT_DIMENSION.PATIENT_NUM AND TRUNC(VISIT_DIMENSION.START_DATE) BETWEEN ADD_MONTHS(BIRTH_DATE,17) AND ADD_MONTHS(BIRTH_DATE,18)-1		Visit Details \ Age at visit \ \ 05 months \	@	2021-05-24 00:00:00.000	2021-05-24 00:00:00.000	2021-05-24 00:00:00.000					
5	\ACT\Visit Details\Age at visit\0-9 years old\1 years old\18 months\	Visit at age 18 months	N	LA 		DEM|AGE:1.6		encounter_num	visit_dimension	patient_num	N	IN	SELECT PATIENT_NUM FROM PATIENT_DIMENSION WHERE PATIENT_NUM = VISIT_DIMENSION.PATIENT_NUM AND TRUNC(VISIT_DIMENSION.START_DATE) BETWEEN ADD_MONTHS(BIRTH_DATE,18) AND ADD_MONTHS(BIRTH_DATE,19)-1		Visit Details \ Age at visit \ \ 06 months \	@	2021-05-24 00:00:00.000	2021-05-24 00:00:00.000	2021-05-24 00:00:00.000					
5	\ACT\Visit Details\Age at visit\0-9 years old\1 years old\19 months\	Visit at age 19 months	N	LA 		DEM|AGE:1.7		encounter_num	visit_dimension	patient_num	N	IN	SELECT PATIENT_NUM FROM PATIENT_DIMENSION WHERE PATIENT_NUM = VISIT_DIMENSION.PATIENT_NUM AND TRUNC(VISIT_DIMENSION.START_DATE) BETWEEN ADD_MONTHS(BIRTH_DATE,19) AND ADD_MONTHS(BIRTH_DATE,20)-1		Visit Details \ Age at visit \ \ 07 months \	@	2021-05-24 00:00:00.000	2021-05-24 00:00:00.000	2021-05-24 00:00:00.000					
5	\ACT\Visit Details\Age at visit\0-9 years old\1 years old\20 months\	Visit at age 20 months	N	LA 		DEM|AGE:1.8		encounter_num	visit_dimension	patient_num	N	IN	SELECT PATIENT_NUM FROM PATIENT_DIMENSION WHERE PATIENT_NUM = VISIT_DIMENSION.PATIENT_NUM AND TRUNC(VISIT_DIMENSION.START_DATE) BETWEEN ADD_MONTHS(BIRTH_DATE,20) AND ADD_MONTHS(BIRTH_DATE,21)-1		Visit Details \ Age at visit \ \ 08 months \	@	2021-05-24 00:00:00.000	2021-05-24 00:00:00.000	2021-05-24 00:00:00.000					
5	\ACT\Visit Details\Age at visit\0-9 years old\1 years old\21 months\	Visit at age 21 months	N	LA 		DEM|AGE:1.9		encounter_num	visit_dimension	patient_num	N	IN	SELECT PATIENT_NUM FROM PATIENT_DIMENSION WHERE PATIENT_NUM = VISIT_DIMENSION.PATIENT_NUM AND TRUNC(VISIT_DIMENSION.START_DATE) BETWEEN ADD_MONTHS(BIRTH_DATE,21) AND ADD_MONTHS(BIRTH_DATE,22)-1		Visit Details \ Age at visit \ \ 09 months \	@	2021-05-24 00:00:00.000	2021-05-24 00:00:00.000	2021-05-24 00:00:00.000					
5	\ACT\Visit Details\Age at visit\0-9 years old\1 years old\22 months\	Visit at age 22 months	N	LA 		DEM|AGE:1.10		encounter_num	visit_dimension	patient_num	N	IN	SELECT PATIENT_NUM FROM PATIENT_DIMENSION WHERE PATIENT_NUM = VISIT_DIMENSION.PATIENT_NUM AND TRUNC(VISIT_DIMENSION.START_DATE) BETWEEN ADD_MONTHS(BIRTH_DATE,22) AND ADD_MONTHS(BIRTH_DATE,23)-1		Visit Details \ Age at visit \ \ 10 months \	@	2021-05-24 00:00:00.000	2021-05-24 00:00:00.000	2021-05-24 00:00:00.000					
5	\ACT\Visit Details\Age at visit\0-9 years old\1 years old\23 months\	Visit at age 23 months	N	LA 		DEM|AGE:1.11		encounter_num	visit_dimension	patient_num	N	IN	SELECT PATIENT_NUM FROM PATIENT_DIMENSION WHERE PATIENT_NUM = VISIT_DIMENSION.PATIENT_NUM AND TRUNC(VISIT_DIMENSION.START_DATE) BETWEEN ADD_MONTHS(BIRTH_DATE,23) AND ADD_MONTHS(BIRTH_DATE,24)-1		Visit Details \ Age at visit \ \ 11 months \	@	2021-05-24 00:00:00.000	2021-05-24 00:00:00.000	2021-05-24 00:00:00.000					
5	\ACT\Visit Details\Age at visit\0-9 years old\1 years old\24 months\	Visit at age 24 months	N	LA 		DEM|AGE:1.12		encounter_num	visit_dimension	patient_num	N	IN	SELECT PATIENT_NUM FROM PATIENT_DIMENSION WHERE PATIENT_NUM = VISIT_DIMENSION.PATIENT_NUM AND TRUNC(VISIT_DIMENSION.START_DATE) BETWEEN ADD_MONTHS(BIRTH_DATE,24) AND ADD_MONTHS(BIRTH_DATE,25)-1		Visit Details \ Age at visit \ \ 12 months \	@	2021-05-24 00:00:00.000	2021-05-24 00:00:00.000	2021-05-24 00:00:00.000					
4	\ACT\Visit Details\Age at visit\0-9 years old\2 years old\	Visit at age 2 years old	N	FA 				encounter_num	visit_dimension	patient_num	N	IN	SELECT PATIENT_NUM FROM PATIENT_DIMENSION WHERE PATIENT_NUM = VISIT_DIMENSION.PATIENT_NUM AND TRUNC(VISIT_DIMENSION.START_DATE) BETWEEN ADD_MONTHS(BIRTH_DATE,2*12) AND ADD_MONTHS(BIRTH_DATE,3*12)-1		Visit Details \ Age at visit \	@	2021-05-24 00:00:00.000	2021-05-24 00:00:00.000	2021-05-24 00:00:00.000					
5	\ACT\Visit Details\Age at visit\0-9 years old\2 years old\25 months\	Visit at age 25 months	N	LA 		DEM|AGE:2.1		encounter_num	visit_dimension	patient_num	N	IN	SELECT PATIENT_NUM FROM PATIENT_DIMENSION WHERE PATIENT_NUM = VISIT_DIMENSION.PATIENT_NUM AND TRUNC(VISIT_DIMENSION.START_DATE) BETWEEN ADD_MONTHS(BIRTH_DATE,13) AND ADD_MONTHS(BIRTH_DATE,26)-1		Visit Details \ Age at visit \ \ 01 months \	@	2021-05-24 00:00:00.000	2021-05-24 00:00:00.000	2021-05-24 00:00:00.000					
5	\ACT\Visit Details\Age at visit\0-9 years old\2 years old\26 months\	Visit at age 26 months	N	LA 		DEM|AGE:2.2		encounter_num	visit_dimension	patient_num	N	IN	SELECT PATIENT_NUM FROM PATIENT_DIMENSION WHERE PATIENT_NUM = VISIT_DIMENSION.PATIENT_NUM AND TRUNC(VISIT_DIMENSION.START_DATE) BETWEEN ADD_MONTHS(BIRTH_DATE,14) AND ADD_MONTHS(BIRTH_DATE,27)-1		Visit Details \ Age at visit \ \ 02 months \	@	2021-05-24 00:00:00.000	2021-05-24 00:00:00.000	2021-05-24 00:00:00.000					
5	\ACT\Visit Details\Age at visit\0-9 years old\2 years old\27 months\	Visit at age 27 months	N	LA 		DEM|AGE:2.3		encounter_num	visit_dimension	patient_num	N	IN	SELECT PATIENT_NUM FROM PATIENT_DIMENSION WHERE PATIENT_NUM = VISIT_DIMENSION.PATIENT_NUM AND TRUNC(VISIT_DIMENSION.START_DATE) BETWEEN ADD_MONTHS(BIRTH_DATE,15) AND ADD_MONTHS(BIRTH_DATE,28)-1		Visit Details \ Age at visit \ \ 03 months \	@	2021-05-24 00:00:00.000	2021-05-24 00:00:00.000	2021-05-24 00:00:00.000					
5	\ACT\Visit Details\Age at visit\0-9 years old\2 years old\28 months\	Visit at age 28 months	N	LA 		DEM|AGE:2.4		encounter_num	visit_dimension	patient_num	N	IN	SELECT PATIENT_NUM FROM PATIENT_DIMENSION WHERE PATIENT_NUM = VISIT_DIMENSION.PATIENT_NUM AND TRUNC(VISIT_DIMENSION.START_DATE) BETWEEN ADD_MONTHS(BIRTH_DATE,16) AND ADD_MONTHS(BIRTH_DATE,29)-1		Visit Details \ Age at visit \ \ 04 months \	@	2021-05-24 00:00:00.000	2021-05-24 00:00:00.000	2021-05-24 00:00:00.000					
5	\ACT\Visit Details\Age at visit\0-9 years old\2 years old\29 months\	Visit at age 29 months	N	LA 		DEM|AGE:2.5		encounter_num	visit_dimension	patient_num	N	IN	SELECT PATIENT_NUM FROM PATIENT_DIMENSION WHERE PATIENT_NUM = VISIT_DIMENSION.PATIENT_NUM AND TRUNC(VISIT_DIMENSION.START_DATE) BETWEEN ADD_MONTHS(BIRTH_DATE,17) AND ADD_MONTHS(BIRTH_DATE,30)-1		Visit Details \ Age at visit \ \ 05 months \	@	2021-05-24 00:00:00.000	2021-05-24 00:00:00.000	2021-05-24 00:00:00.000					
5	\ACT\Visit Details\Age at visit\0-9 years old\2 years old\30 months\	Visit at age 30 months	N	LA 		DEM|AGE:2.6		encounter_num	visit_dimension	patient_num	N	IN	SELECT PATIENT_NUM FROM PATIENT_DIMENSION WHERE PATIENT_NUM = VISIT_DIMENSION.PATIENT_NUM AND TRUNC(VISIT_DIMENSION.START_DATE) BETWEEN ADD_MONTHS(BIRTH_DATE,18) AND ADD_MONTHS(BIRTH_DATE,31)-1		Visit Details \ Age at visit \ \ 06 months \	@	2021-05-24 00:00:00.000	2021-05-24 00:00:00.000	2021-05-24 00:00:00.000					
5	\ACT\Visit Details\Age at visit\0-9 years old\2 years old\31 months\	Visit at age 31 months	N	LA 		DEM|AGE:2.7		encounter_num	visit_dimension	patient_num	N	IN	SELECT PATIENT_NUM FROM PATIENT_DIMENSION WHERE PATIENT_NUM = VISIT_DIMENSION.PATIENT_NUM AND TRUNC(VISIT_DIMENSION.START_DATE) BETWEEN ADD_MONTHS(BIRTH_DATE,19) AND ADD_MONTHS(BIRTH_DATE,32)-1		Visit Details \ Age at visit \ \ 07 months \	@	2021-05-24 00:00:00.000	2021-05-24 00:00:00.000	2021-05-24 00:00:00.000					
5	\ACT\Visit Details\Age at visit\0-9 years old\2 years old\32 months\	Visit at age 32 months	N	LA 		DEM|AGE:2.8		encounter_num	visit_dimension	patient_num	N	IN	SELECT PATIENT_NUM FROM PATIENT_DIMENSION WHERE PATIENT_NUM = VISIT_DIMENSION.PATIENT_NUM AND TRUNC(VISIT_DIMENSION.START_DATE) BETWEEN ADD_MONTHS(BIRTH_DATE,20) AND ADD_MONTHS(BIRTH_DATE,33)-1		Visit Details \ Age at visit \ \ 08 months \	@	2021-05-24 00:00:00.000	2021-05-24 00:00:00.000	2021-05-24 00:00:00.000					
5	\ACT\Visit Details\Age at visit\0-9 years old\2 years old\33 months\	Visit at age 33 months	N	LA 		DEM|AGE:2.9		encounter_num	visit_dimension	patient_num	N	IN	SELECT PATIENT_NUM FROM PATIENT_DIMENSION WHERE PATIENT_NUM = VISIT_DIMENSION.PATIENT_NUM AND TRUNC(VISIT_DIMENSION.START_DATE) BETWEEN ADD_MONTHS(BIRTH_DATE,21) AND ADD_MONTHS(BIRTH_DATE,34)-1		Visit Details \ Age at visit \ \ 09 months \	@	2021-05-24 00:00:00.000	2021-05-24 00:00:00.000	2021-05-24 00:00:00.000					
5	\ACT\Visit Details\Age at visit\0-9 years old\2 years old\34 months\	Visit at age 34 months	N	LA 		DEM|AGE:2.10		encounter_num	visit_dimension	patient_num	N	IN	SELECT PATIENT_NUM FROM PATIENT_DIMENSION WHERE PATIENT_NUM = VISIT_DIMENSION.PATIENT_NUM AND TRUNC(VISIT_DIMENSION.START_DATE) BETWEEN ADD_MONTHS(BIRTH_DATE,22) AND ADD_MONTHS(BIRTH_DATE,35)-1		Visit Details \ Age at visit \ \ 10 months \	@	2021-05-24 00:00:00.000	2021-05-24 00:00:00.000	2021-05-24 00:00:00.000					
5	\ACT\Visit Details\Age at visit\0-9 years old\2 years old\35 months\	Visit at age 35 months	N	LA 		DEM|AGE:2.11		encounter_num	visit_dimension	patient_num	N	IN	SELECT PATIENT_NUM FROM PATIENT_DIMENSION WHERE PATIENT_NUM = VISIT_DIMENSION.PATIENT_NUM AND TRUNC(VISIT_DIMENSION.START_DATE) BETWEEN ADD_MONTHS(BIRTH_DATE,23) AND ADD_MONTHS(BIRTH_DATE,36)-1		Visit Details \ Age at visit \ \ 11 months \	@	2021-05-24 00:00:00.000	2021-05-24 00:00:00.000	2021-05-24 00:00:00.000					
5	\ACT\Visit Details\Age at visit\0-9 years old\2 years old\36 months\	Visit at age 36 months	N	LA 		DEM|AGE:2.12		encounter_num	visit_dimension	patient_num	N	IN	SELECT PATIENT_NUM FROM PATIENT_DIMENSION WHERE PATIENT_NUM = VISIT_DIMENSION.PATIENT_NUM AND TRUNC(VISIT_DIMENSION.START_DATE) BETWEEN ADD_MONTHS(BIRTH_DATE,24) AND ADD_MONTHS(BIRTH_DATE,37)-1		Visit Details \ Age at visit \ \ 12 months \	@	2021-05-24 00:00:00.000	2021-05-24 00:00:00.000	2021-05-24 00:00:00.000					
4	\ACT\Visit Details\Age at visit\0-9 years old\3 years old\	Visit at age 3 years old	N	LA 		DEM|AGE:3		encounter_num	visit_dimension	patient_num	N	IN	SELECT PATIENT_NUM FROM PATIENT_DIMENSION WHERE PATIENT_NUM = VISIT_DIMENSION.PATIENT_NUM AND TRUNC(VISIT_DIMENSION.START_DATE) BETWEEN ADD_MONTHS(BIRTH_DATE,3*12) AND (ADD_MONTHS(BIRTH_DATE,4*12)-1)		Visit Details \ Age at visit \ 0-9 years old \ 3 years old	@	2021-05-24 00:00:00.000	2021-05-24 00:00:00.000	2021-05-24 00:00:00.000	lcp5				
4	\ACT\Visit Details\Age at visit\0-9 years old\4 years old\	Visit at age 4 years old	N	LA 		DEM|AGE:4		encounter_num	visit_dimension	patient_num	N	IN	SELECT PATIENT_NUM FROM PATIENT_DIMENSION WHERE PATIENT_NUM = VISIT_DIMENSION.PATIENT_NUM AND TRUNC(VISIT_DIMENSION.START_DATE) BETWEEN ADD_MONTHS(BIRTH_DATE,4*12) AND (ADD_MONTHS(BIRTH_DATE,5*12)-1)		Visit Details \ Age at visit \ 0-9 years old \ 4 years old	@	2021-05-24 00:00:00.000	2021-05-24 00:00:00.000	2021-05-24 00:00:00.000	lcp5				
4	\ACT\Visit Details\Age at visit\0-9 years old\5 years old\	Visit at age 5 years old	N	LA 		DEM|AGE:5		encounter_num	visit_dimension	patient_num	N	IN	SELECT PATIENT_NUM FROM PATIENT_DIMENSION WHERE PATIENT_NUM = VISIT_DIMENSION.PATIENT_NUM AND TRUNC(VISIT_DIMENSION.START_DATE) BETWEEN ADD_MONTHS(BIRTH_DATE,5*12) AND (ADD_MONTHS(BIRTH_DATE,6*12)-1)		Visit Details \ Age at visit \ 0-9 years old \ 5 years old	@	2021-05-24 00:00:00.000	2021-05-24 00:00:00.000	2021-05-24 00:00:00.000	lcp5				
4	\ACT\Visit Details\Age at visit\0-9 years old\6 years old\	Visit at age 6 years old	N	LA 		DEM|AGE:6		encounter_num	visit_dimension	patient_num	N	IN	SELECT PATIENT_NUM FROM PATIENT_DIMENSION WHERE PATIENT_NUM = VISIT_DIMENSION.PATIENT_NUM AND TRUNC(VISIT_DIMENSION.START_DATE) BETWEEN ADD_MONTHS(BIRTH_DATE,6*12) AND (ADD_MONTHS(BIRTH_DATE,7*12)-1)		Visit Details \ Age at visit \ 0-9 years old \ 6 years old	@	2021-05-24 00:00:00.000	2021-05-24 00:00:00.000	2021-05-24 00:00:00.000	lcp5				
4	\ACT\Visit Details\Age at visit\0-9 years old\7 years old\	Visit at age 7 years old	N	LA 		DEM|AGE:7		encounter_num	visit_dimension	patient_num	N	IN	SELECT PATIENT_NUM FROM PATIENT_DIMENSION WHERE PATIENT_NUM = VISIT_DIMENSION.PATIENT_NUM AND TRUNC(VISIT_DIMENSION.START_DATE) BETWEEN ADD_MONTHS(BIRTH_DATE,7*12) AND (ADD_MONTHS(BIRTH_DATE,8*12)-1)		Visit Details \ Age at visit \ 0-9 years old \ 7 years old	@	2021-05-24 00:00:00.000	2021-05-24 00:00:00.000	2021-05-24 00:00:00.000	lcp5				
2	\ACT\Visit Details\Age at visit\	Age at visit	N	CA 				concept_cd	concept_dimension	patient_num	T	IN	\ACT\Visit Details\Age at visit\		Visit Details \ Age at visit	@	2021-05-24 00:00:00.000	2021-05-24 00:00:00.000	2021-05-24 00:00:00.000	lcp5				
3	\ACT\Visit Details\Age at visit\0-9 years old\	Visit at age 9 or less	N	FA 				encounter_num	visit_dimension	patient_num	N	IN	SELECT PATIENT_NUM FROM PATIENT_DIMENSION WHERE PATIENT_NUM = VISIT_DIMENSION.PATIENT_NUM AND TRUNC(VISIT_DIMENSION.START_DATE) BETWEEN ADD_MONTHS(BIRTH_DATE,0) AND ADD_MONTHS(BIRTH_DATE,10*12)-1		Visit Details \ Age at visit \ 0-9 years old	@	2021-05-24 00:00:00.000	2021-05-24 00:00:00.000	2021-05-24 00:00:00.000	lcp5				
4	\ACT\Visit Details\Age at visit\0-9 years old\0 years old\	Visit at age 0 years old	N	FA 				encounter_num	visit_dimension	patient_num	N	IN	SELECT PATIENT_NUM FROM PATIENT_DIMENSION WHERE PATIENT_NUM = VISIT_DIMENSION.PATIENT_NUM AND TRUNC(VISIT_DIMENSION.START_DATE) BETWEEN ADD_MONTHS(BIRTH_DATE,0) AND ADD_MONTHS(BIRTH_DATE,12)-1		Visit Details \ Age at visit \	@	2021-05-24 00:00:00.000	2021-05-24 00:00:00.000	2021-05-24 00:00:00.000					
5	\ACT\Visit Details\Age at visit\0-9 years old\0 years old\01 months\	Visit at age 01 months	N	LA 		DEM|AGE:0.1		encounter_num	visit_dimension	patient_num	N	IN	SELECT PATIENT_NUM FROM PATIENT_DIMENSION WHERE PATIENT_NUM = VISIT_DIMENSION.PATIENT_NUM AND TRUNC(VISIT_DIMENSION.START_DATE) BETWEEN ADD_MONTHS(BIRTH_DATE,1) AND ADD_MONTHS(BIRTH_DATE,2)-1		Visit Details \ Age at visit \ \ 01 months \	@	2021-05-24 00:00:00.000	2021-05-24 00:00:00.000	2021-05-24 00:00:00.000					
5	\ACT\Visit Details\Age at visit\0-9 years old\0 years old\02 months\	Visit at age 02 months	N	LA 		DEM|AGE:0.2		encounter_num	visit_dimension	patient_num	N	IN	SELECT PATIENT_NUM FROM PATIENT_DIMENSION WHERE PATIENT_NUM = VISIT_DIMENSION.PATIENT_NUM AND TRUNC(VISIT_DIMENSION.START_DATE) BETWEEN ADD_MONTHS(BIRTH_DATE,2) AND ADD_MONTHS(BIRTH_DATE,3)-1		Visit Details \ Age at visit \ \ 02 months \	@	2021-05-24 00:00:00.000	2021-05-24 00:00:00.000	2021-05-24 00:00:00.000					
5	\ACT\Visit Details\Age at visit\0-9 years old\0 years old\03 months\	Visit at age 03 months	N	LA 		DEM|AGE:0.3		encounter_num	visit_dimension	patient_num	N	IN	SELECT PATIENT_NUM FROM PATIENT_DIMENSION WHERE PATIENT_NUM = VISIT_DIMENSION.PATIENT_NUM AND TRUNC(VISIT_DIMENSION.START_DATE) BETWEEN ADD_MONTHS(BIRTH_DATE,3) AND ADD_MONTHS(BIRTH_DATE,4)-1		Visit Details \ Age at visit \ \ 03 months \	@	2021-05-24 00:00:00.000	2021-05-24 00:00:00.000	2021-05-24 00:00:00.000					
