"c_hlevel"	"c_fullname"	"c_name"	"c_synonym_cd"	"c_visualattributes"	"c_totalnum"	"c_basecode"	"c_metadataxml"	"c_facttablecolumn"	"c_tablename"	"c_columnname"	"c_columndatatype"	"c_operator"	"c_dimcode"	"c_comment"	"c_tooltip"	"m_applied_path"	"update_date"	"download_date"	"import_date"	"sourcesystem_cd"	"valuetype_cd"	"m_exclusion_cd"	"c_path"	"c_symbol"
5	\ACT\Demographics\Age\0-9 years old\1 years old\18 months\	"18 months"	N	LA 		DEM|AGE:1.6		patient_num	patient_dimension	birth_date	N	BETWEEN	GETDATE() - (365.25*(18/12)) AND GETDATE() - (365.25*(17/12))		Demographics \ Age \ 0-9 years old \ 1 years old \ 06 months \	@	2021-05-24 00:00:00.000	2021-05-24 00:00:00.000	2021-05-24 00:00:00.000					
5	\ACT\Demographics\Age\0-9 years old\1 years old\19 months\	"19 months"	N	LA 		DEM|AGE:1.7		patient_num	patient_dimension	birth_date	N	BETWEEN	GETDATE() - (365.25*(19/12)) AND GETDATE() - (365.25*(18/12))		Demographics \ Age \ 0-9 years old \ 1 years old \ 07 months \	@	2021-05-24 00:00:00.000	2021-05-24 00:00:00.000	2021-05-24 00:00:00.000					
5	\ACT\Demographics\Age\0-9 years old\1 years old\20 months\	"20 months"	N	LA 		DEM|AGE:1.8		patient_num	patient_dimension	birth_date	N	BETWEEN	GETDATE() - (365.25*(20/12)) AND GETDATE() - (365.25*(19/12))		Demographics \ Age \ 0-9 years old \ 1 years old \ 08 months \	@	2021-05-24 00:00:00.000	2021-05-24 00:00:00.000	2021-05-24 00:00:00.000					
5	\ACT\Demographics\Age\0-9 years old\1 years old\21 months\	"21 months"	N	LA 		DEM|AGE:1.9		patient_num	patient_dimension	birth_date	N	BETWEEN	GETDATE() - (365.25*(21/12)) AND GETDATE() - (365.25*(20/12))		Demographics \ Age \ 0-9 years old \ 1 years old \ 09 months \	@	2021-05-24 00:00:00.000	2021-05-24 00:00:00.000	2021-05-24 00:00:00.000					
5	\ACT\Demographics\Age\0-9 years old\1 years old\22 months\	"22 months"	N	LA 		DEM|AGE:1.10		patient_num	patient_dimension	birth_date	N	BETWEEN	GETDATE() - (365.25*(22/12)) AND GETDATE() - (365.25*(21/12))		Demographics \ Age \ 0-9 years old \ 1 years old \ 10 months \	@	2021-05-24 00:00:00.000	2021-05-24 00:00:00.000	2021-05-24 00:00:00.000					
4	\ACT\Demographics\Age\75-84 years old\76 years old\	"76 years old"	N	LA 		DEM|AGE:76		patient_num	patient_dimension	birth_date	N	BETWEEN	GETDATE() - (365.25 *77) AND GETDATE() - (365.25 * 76)		Demographics \ Age \ 75-84 years old \ 76 years old	@	2021-05-24 00:00:00.000	2021-05-24 00:00:00.000	2021-05-24 00:00:00.000					
4	\ACT\Demographics\Age\75-84 years old\77 years old\	"77 years old"	N	LA 		DEM|AGE:77		patient_num	patient_dimension	birth_date	N	BETWEEN	GETDATE() - (365.25 *78) AND GETDATE() - (365.25 * 77)		Demographics \ Age \ 75-84 years old \ 77 years old	@	2021-05-24 00:00:00.000	2021-05-24 00:00:00.000	2021-05-24 00:00:00.000					
4	\ACT\Demographics\Age\75-84 years old\78 years old\	"78 years old"	N	LA 		DEM|AGE:78		patient_num	patient_dimension	birth_date	N	BETWEEN	GETDATE() - (365.25 *79) AND GETDATE() - (365.25 * 78)		Demographics \ Age \ 75-84 years old \ 78 years old	@	2021-05-24 00:00:00.000	2021-05-24 00:00:00.000	2021-05-24 00:00:00.000					
4	\ACT\Demographics\Age\75-84 years old\79 years old\	"79 years old"	N	LA 		DEM|AGE:79		patient_num	patient_dimension	birth_date	N	BETWEEN	GETDATE() - (365.25 *80) AND GETDATE() - (365.25 * 79)		Demographics \ Age \ 75-84 years old \ 79 years old	@	2021-05-24 00:00:00.000	2021-05-24 00:00:00.000	2021-05-24 00:00:00.000					
4	\ACT\Demographics\Age\75-84 years old\80 years old\	"80 years old"	N	LA 		DEM|AGE:80		patient_num	patient_dimension	birth_date	N	BETWEEN	GETDATE() - (365.25 *81) AND GETDATE() - (365.25 * 80)		Demographics \ Age \ 75-84 years old \ 80 years old	@	2021-05-24 00:00:00.000	2021-05-24 00:00:00.000	2021-05-24 00:00:00.000					
4	\ACT\Demographics\Age\75-84 years old\81 years old\	"81 years old"	N	LA 		DEM|AGE:81		patient_num	patient_dimension	birth_date	N	BETWEEN	GETDATE() - (365.25 *82) AND GETDATE() - (365.25 * 81)		Demographics \ Age \ 75-84 years old \ 81 years old	@	2021-05-24 00:00:00.000	2021-05-24 00:00:00.000	2021-05-24 00:00:00.000					
4	\ACT\Demographics\Age\75-84 years old\82 years old\	"82 years old"	N	LA 		DEM|AGE:82		patient_num	patient_dimension	birth_date	N	BETWEEN	GETDATE() - (365.25 *83) AND GETDATE() - (365.25 * 82)		Demographics \ Age \ 75-84 years old \ 82 years old	@	2021-05-24 00:00:00.000	2021-05-24 00:00:00.000	2021-05-24 00:00:00.000					
4	\ACT\Demographics\Age\75-84 years old\83 years old\	"83 years old"	N	LA 		DEM|AGE:83		patient_num	patient_dimension	birth_date	N	BETWEEN	GETDATE() - (365.25 *84) AND GETDATE() - (365.25 * 83)		Demographics \ Age \ 75-84 years old \ 83 years old	@	2021-05-24 00:00:00.000	2021-05-24 00:00:00.000	2021-05-24 00:00:00.000					
4	\ACT\Demographics\Age\75-84 years old\84 years old\	"84 years old"	N	LA 		DEM|AGE:84		patient_num	patient_dimension	birth_date	N	BETWEEN	GETDATE() - (365.25 *85) AND GETDATE() - (365.25 * 84)		Demographics \ Age \ 75-84 years old \ 84 years old	@	2021-05-24 00:00:00.000	2021-05-24 00:00:00.000	2021-05-24 00:00:00.000					
3	\ACT\Demographics\Age\>= 85 years old\	>= 85 years old	N	LA 				patient_num	patient_dimension	birth_date	N	<=	GETDATE() - (365.25*85)		Demographics \ Age \ >= 85 years old	@	2021-05-24 00:00:00.000	2021-05-24 00:00:00.000	2021-05-24 00:00:00.000					
2	\ACT\Demographics\Race\	Race	N	FA 				concept_cd	concept_dimension	concept_path	T	LIKE	\ACT\Demographics\Race\		Demographics \ Race	@	2021-05-24 00:00:00.000	2021-05-24 00:00:00.000	2021-05-24 00:00:00.000					
3	\ACT\Demographics\Race\American Indian or Alaska Native\	American Indian or Alaska Native	N	MA 		DEM|RACE:NA		concept_cd	concept_dimension	concept_path	T	LIKE	\ACT\Demographics\Race\American Indian or Alaska Native\		Demographics \ Race \ American Indian or Alaska Native	@	2021-05-24 00:00:00.000	2021-05-24 00:00:00.000	2021-05-24 00:00:00.000					
3	\ACT\Demographics\Race\Asian\	Asian	N	MA 		DEM|RACE:AS		concept_cd	concept_dimension	concept_path	T	LIKE	\ACT\Demographics\Race\Asian\		Demographics \ Race \ Asian	@	2021-05-24 00:00:00.000	2021-05-24 00:00:00.000	2021-05-24 00:00:00.000					
3	\ACT\Demographics\Race\Black or African American\	Black or African American	N	MA 		DEM|RACE:B		concept_cd	concept_dimension	concept_path	T	LIKE	\ACT\Demographics\Race\Black or African American\		Demographics \ Race \ Black or African American	@	2021-05-24 00:00:00.000	2021-05-24 00:00:00.000	2021-05-24 00:00:00.000					
3	\ACT\Demographics\Race\Multiple race\	Multiple race	N	MA 		DEM|RACE:M		concept_cd	concept_dimension	concept_path	T	LIKE	\ACT\Demographics\Race\Multiple race\		Demographics \ Race \ Multiple race	@	2021-05-24 00:00:00.000	2021-05-24 00:00:00.000	2021-05-24 00:00:00.000					
3	\ACT\Demographics\Race\Native Hawaiian or Other Pacific Islander\	Native Hawaiian or Other Pacific Islander	N	MA 		DEM|RACE:H		concept_cd	concept_dimension	concept_path	T	LIKE	\ACT\Demographics\Race\Native Hawaiian or Other Pacific Islander\		Demographics \ Race \ Native Hawaiian or Other Pacific Islander	@	2021-05-24 00:00:00.000	2021-05-24 00:00:00.000	2021-05-24 00:00:00.000					
3	\ACT\Demographics\Race\No Information\	No Information	N	MA 		DEM|RACE:NI		concept_cd	concept_dimension	concept_path	T	LIKE	\ACT\Demographics\Race\No Information\		Demographics \ Race \ No information	@	2021-05-24 00:00:00.000	2021-05-24 00:00:00.000	2021-05-24 00:00:00.000					
3	\ACT\Demographics\Race\White\	White	N	MA 		DEM|RACE:W		concept_cd	concept_dimension	concept_path	T	LIKE	\ACT\Demographics\Race\White\		Demographics \ Race \ White	@	2021-05-24 00:00:00.000	2021-05-24 00:00:00.000	2021-05-24 00:00:00.000					
2	\ACT\Demographics\Vital Status\	Vital Status	N	FA 				concept_cd	concept_dimension	concept_path	T	LIKE	\ACT\Demographics\Vital Status\		Demographics \ Vital Status	@	2021-05-24 00:00:00.000	2021-05-24 00:00:00.000	2021-05-24 00:00:00.000					
3	\ACT\Demographics\Vital Status\Known Deceased\	Known Deceased	N	LA 		DEM|VITAL STATUS:D		concept_cd	concept_dimension	concept_path	T	LIKE	\ACT\Demographics\Vital Status\Known Deceased\		Demographics \ Vital Status \ Known Deceased	@	2021-05-24 00:00:00.000	2021-05-24 00:00:00.000	2021-05-24 00:00:00.000					
3	\ACT\Demographics\Age\Not recorded\	Not recorded	N	LA 		DEM|AGE:-1		patient_num	patient_dimension	vital_status_cd	T	LIKE	_L		Demographics \ Age \ Not recorded	@	2021-05-24 00:00:00.000	2021-05-24 00:00:00.000	2021-05-24 00:00:00.000					
2	\ACT\Demographics\Sex\	Sex	N	FA 				concept_cd	concept_dimension	concept_path	T	LIKE	\ACT\Demographics\Sex\		Demographics \ Sex	@	2021-05-24 00:00:00.000	2021-05-24 00:00:00.000	2021-05-24 00:00:00.000					
3	\ACT\Demographics\Sex\Female\	Female	N	LA 		DEM|SEX:F		concept_cd	concept_dimension	concept_path	T	LIKE	\ACT\Demographics\Sex\Female\		Demographics \ Sex \ Female	@	2021-05-24 00:00:00.000	2021-05-24 00:00:00.000	2021-05-24 00:00:00.000					
3	\ACT\Demographics\Sex\Male\	Male	N	LA 		DEM|SEX:M		concept_cd	concept_dimension	concept_path	T	LIKE	\ACT\Demographics\Sex\Male\		Demographics \ Sex \ Male	@	2021-05-24 00:00:00.000	2021-05-24 00:00:00.000	2021-05-24 00:00:00.000					
2	\ACT\Demographics\Hispanic\	Hispanic	N	FA 				concept_cd	concept_dimension	concept_path	T	LIKE	\ACT\Demographics\Hispanic\		Demographics \ Hispanic	@	2021-05-24 00:00:00.000	2021-05-24 00:00:00.000	2021-05-24 00:00:00.000					
3	\ACT\Demographics\Hispanic\No Information\	No Information	N	MA 		DEM|HISP:NI		concept_cd	concept_dimension	concept_path	T	LIKE	\ACT\Demographics\Hispanic\No Information\		Demographics \ Hispanic \ No Information	@	2021-05-24 00:00:00.000	2021-05-24 00:00:00.000	2021-05-24 00:00:00.000					
3	\ACT\Demographics\Hispanic\No\	No	N	MA 		DEM|HISP:N		concept_cd	concept_dimension	concept_path	T	LIKE	\ACT\Demographics\Hispanic\No\		Demographics \ Hispanic \ No	@	2021-05-24 00:00:00.000	2021-05-24 00:00:00.000	2021-05-24 00:00:00.000					
3	\ACT\Demographics\Hispanic\Yes\	Yes	N	MA 		DEM|HISP:Y		concept_cd	concept_dimension	concept_path	T	LIKE	\ACT\Demographics\Hispanic\Yes\		Demographics \ Hispanic \ Yes	@	2021-05-24 00:00:00.000	2021-05-24 00:00:00.000	2021-05-24 00:00:00.000					
1	\ACT\Demographics\	Demographics	N	CA 				concept_cd	concept_dimension	concept_path	T	LIKE	\ACT\Demographics\		Demographic	@	2021-05-24 00:00:00.000	2021-05-24 00:00:00.000	2021-05-24 00:00:00.000					
2	\ACT\Demographics\Age\	Age	N	CA 				concept_cd	concept_dimension	concept_path	T	LIKE	\ACT\Demographics\Age\		Demographics \ Age	@	2021-05-24 00:00:00.000	2021-05-24 00:00:00.000	2021-05-24 00:00:00.000					
3	\ACT\Demographics\Age\0-9 years old\	"0-9 years old"	N	FA 				patient_num	patient_dimension	birth_date	N	BETWEEN	GETDATE() - (365.25*10) AND GETDATE()		Demographics \ Age \ 0-9 years old	@	2021-05-24 00:00:00.000	2021-05-24 00:00:00.000	2021-05-24 00:00:00.000					
3	\ACT\Demographics\Age\>= 90 years old\	>= 90 years old	N	LA 				patient_num	patient_dimension	birth_date	N	<=	GETDATE() - (365.25*90)		Demographics \ Age \ >= 90 years old	@	2021-05-24 00:00:00.000	2021-05-24 00:00:00.000	2021-05-24 00:00:00.000					
4	\ACT\Demographics\Age\0-9 years old\1 years old\	"1 year old"	N	FA 				patient_num	patient_dimension	birth_date	N	BETWEEN	GETDATE() - (365.25 * 2) AND GETDATE() - 365.25		Demographics \ Age \ 0-9 years old \ 1 year old	@	2021-05-24 00:00:00.000	2021-05-24 00:00:00.000	2021-05-24 00:00:00.000					
4	\ACT\Demographics\Age\0-9 years old\3 years old\	"3 years old"	N	LA 		DEM|AGE:3		patient_num	patient_dimension	birth_date	N	BETWEEN	GETDATE() - (365.25 * 4) AND GETDATE() - (365.25 * 3)		Demographics \ Age \ 0-9 years old \ 3 years old	@	2021-05-24 00:00:00.000	2021-05-24 00:00:00.000	2021-05-24 00:00:00.000					
4	\ACT\Demographics\Age\0-9 years old\4 years old\	"4 years old"	N	LA 		DEM|AGE:4		patient_num	patient_dimension	birth_date	N	BETWEEN	GETDATE() - (365.25 * 5) AND GETDATE() - (365.25 * 4)		Demographics \ Age \ 0-9 years old \ 4 years old	@	2021-05-24 00:00:00.000	2021-05-24 00:00:00.000	2021-05-24 00:00:00.000					
4	\ACT\Demographics\Age\0-9 years old\5 years old\	"5 years old"	N	LA 		DEM|AGE:5		patient_num	patient_dimension	birth_date	N	BETWEEN	GETDATE() - (365.25 * 6) AND GETDATE() - (365.25 * 5)		Demographics \ Age \ 0-9 years old \ 5 years old	@	2021-05-24 00:00:00.000	2021-05-24 00:00:00.000	2021-05-24 00:00:00.000					
4	\ACT\Demographics\Age\0-9 years old\6 years old\	"6 years old"	N	LA 		DEM|AGE:6		patient_num	patient_dimension	birth_date	N	BETWEEN	GETDATE() - (365.25 * 7) AND GETDATE() - (365.25 * 6)		Demographics \ Age \ 0-9 years old \ 6 years old	@	2021-05-24 00:00:00.000	2021-05-24 00:00:00.000	2021-05-24 00:00:00.000					
4	\ACT\Demographics\Age\0-9 years old\7 years old\	"7 years old"	N	LA 		DEM|AGE:7		patient_num	patient_dimension	birth_date	N	BETWEEN	GETDATE() - (365.25 * 8) AND GETDATE() - (365.25 * 7)		Demographics \ Age \ 0-9 years old \ 7 years old	@	2021-05-24 00:00:00.000	2021-05-24 00:00:00.000	2021-05-24 00:00:00.000					
4	\ACT\Demographics\Age\0-9 years old\8 years old\	"8 years old"	N	LA 		DEM|AGE:8		patient_num	patient_dimension	birth_date	N	BETWEEN	GETDATE() - (365.25 * 9) AND GETDATE() - (365.25 * 8)		Demographics \ Age \ 0-9 years old \ 8 years old	@	2021-05-24 00:00:00.000	2021-05-24 00:00:00.000	2021-05-24 00:00:00.000					
4	\ACT\Demographics\Age\0-9 years old\9 years old\	"9 years old"	N	LA 		DEM|AGE:9		patient_num	patient_dimension	birth_date	N	BETWEEN	GETDATE() - (365.25 *10) AND GETDATE() - (365.25 * 9)		Demographics \ Age \ 0-9 years old \ 9 years old	@	2021-05-24 00:00:00.000	2021-05-24 00:00:00.000	2021-05-24 00:00:00.000					
3	\ACT\Demographics\Age\10-17 years old\	"10-17 years old"	N	FA 				patient_num	patient_dimension	birth_date	N	BETWEEN	GETDATE() - (365.25*18) AND GETDATE() - (365.25*10)		Demographics \ Age \ 10-17 years old	@	2021-05-24 00:00:00.000	2021-05-24 00:00:00.000	2021-05-24 00:00:00.000					
4	\ACT\Demographics\Age\10-17 years old\10 years old\	"10 years old"	N	LA 		DEM|AGE:10		patient_num	patient_dimension	birth_date	N	BETWEEN	GETDATE() - (365.25 *11) AND GETDATE() - (365.25 * 10)		Demographics \ Age \ 10-17 years old \ 10 years old	@	2021-05-24 00:00:00.000	2021-05-24 00:00:00.000	2021-05-24 00:00:00.000					
4	\ACT\Demographics\Age\10-17 years old\11 years old\	"11 years old"	N	LA 		DEM|AGE:11		patient_num	patient_dimension	birth_date	N	BETWEEN	GETDATE() - (365.25 *12) AND GETDATE() - (365.25 * 11)		Demographics \ Age \ 10-17 years old \ 11 years old	@	2021-05-24 00:00:00.000	2021-05-24 00:00:00.000	2021-05-24 00:00:00.000					
4	\ACT\Demographics\Age\10-17 years old\12 years old\	"12 years old"	N	LA 		DEM|AGE:12		patient_num	patient_dimension	birth_date	N	BETWEEN	GETDATE() - (365.25 *13) AND GETDATE() - (365.25 * 12)		Demographics \ Age \ 10-17 years old \ 12 years old	@	2021-05-24 00:00:00.000	2021-05-24 00:00:00.000	2021-05-24 00:00:00.000					
4	\ACT\Demographics\Age\10-17 years old\13 years old\	"13 years old"	N	LA 		DEM|AGE:13		patient_num	patient_dimension	birth_date	N	BETWEEN	GETDATE() - (365.25 *14) AND GETDATE() - (365.25 * 13)		Demographics \ Age \ 10-17 years old \ 13 years old	@	2021-05-24 00:00:00.000	2021-05-24 00:00:00.000	2021-05-24 00:00:00.000					
4	\ACT\Demographics\Age\10-17 years old\14 years old\	"14 years old"	N	LA 		DEM|AGE:14		patient_num	patient_dimension	birth_date	N	BETWEEN	GETDATE() - (365.25 *15) AND GETDATE() - (365.25 * 14)		Demographics \ Age \ 10-17 years old \ 14 years old	@	2021-05-24 00:00:00.000	2021-05-24 00:00:00.000	2021-05-24 00:00:00.000					
4	\ACT\Demographics\Age\10-17 years old\15 years old\	"15 years old"	N	LA 		DEM|AGE:15		patient_num	patient_dimension	birth_date	N	BETWEEN	GETDATE() - (365.25 *16)AND GETDATE() - (365.25 * 15)		Demographics \ Age \ 10-17 years old \ 15 years old	@	2021-05-24 00:00:00.000	2021-05-24 00:00:00.000	2021-05-24 00:00:00.000					
4	\ACT\Demographics\Age\10-17 years old\16 years old\	"16 years old"	N	LA 		DEM|AGE:16		patient_num	patient_dimension	birth_date	N	BETWEEN	GETDATE() - (365.25 *17) AND GETDATE() - (365.25 * 16)		Demographics \ Age \ 10-17 years old \ 16 years old	@	2021-05-24 00:00:00.000	2021-05-24 00:00:00.000	2021-05-24 00:00:00.000					
4	\ACT\Demographics\Age\10-17 years old\17 years old\	"17 years old"	N	LA 		DEM|AGE:17		patient_num	patient_dimension	birth_date	N	BETWEEN	GETDATE() - (365.25 *18) AND GETDATE() - (365.25 * 17)		Demographics \ Age \ 10-17 years old \ 17 years old	@	2021-05-24 00:00:00.000	2021-05-24 00:00:00.000	2021-05-24 00:00:00.000					
3	\ACT\Demographics\Age\18-34 years old\	"18-34 years old"	N	FA 				patient_num	patient_dimension	birth_date	N	BETWEEN	GETDATE() - (365.25*35) AND GETDATE() - (365.25*18)		Demographics \ Age \ 18-34 years old	@	2021-05-24 00:00:00.000	2021-05-24 00:00:00.000	2021-05-24 00:00:00.000					
4	\ACT\Demographics\Age\18-34 years old\18 years old\	"18 years old"	N	LA 		DEM|AGE:18		patient_num	patient_dimension	birth_date	N	BETWEEN	GETDATE() - (365.25 *19) AND GETDATE() - (365.25 * 18)		Demographics \ Age \ 18-34 years old \ 18 years old	@	2021-05-24 00:00:00.000	2021-05-24 00:00:00.000	2021-05-24 00:00:00.000					
4	\ACT\Demographics\Age\18-34 years old\19 years old\	"19 years old"	N	LA 		DEM|AGE:19		patient_num	patient_dimension	birth_date	N	BETWEEN	GETDATE() - (365.25 *20) AND GETDATE() - (365.25 * 19)		Demographics \ Age \ 18-34 years old \ 19 years old	@	2021-05-24 00:00:00.000	2021-05-24 00:00:00.000	2021-05-24 00:00:00.000					
4	\ACT\Demographics\Age\85-89 years old\88 years old\	"88 years old"	N	LA 		DEM|AGE:88		patient_num	patient_dimension	birth_date	N	BETWEEN	GETDATE() - (365.25 *89) AND GETDATE() - (365.25 * 88)		Demographics\Age\85-89 years old\88 years old	@	2021-05-24 00:00:00.000	2021-05-24 00:00:00.000	2021-05-24 00:00:00.000					
4	\ACT\Demographics\Age\85-89 years old\89 years old\	"89 years old"	N	LA 		DEM|AGE:89		patient_num	patient_dimension	birth_date	N	BETWEEN	GETDATE() - (365.25 *90) AND GETDATE() - (365.25 * 89)		Demographics\Age\85-89 years old\89 years old	@	2021-05-24 00:00:00.000	2021-05-24 00:00:00.000	2021-05-24 00:00:00.000					
4	\ACT\Demographics\Age\85-89 years old\87 years old\	"87 years old"	N	LA 		DEM|AGE:87		patient_num	patient_dimension	birth_date	N	BETWEEN	GETDATE() - (365.25 *88) AND GETDATE() - (365.25 * 87)		Demographics\Age\85-89 years old\87 years old	@	2021-05-24 00:00:00.000	2021-05-24 00:00:00.000	2021-05-24 00:00:00.000					
3	\ACT\Demographics\Age\>= 65 years old\	>= 65 years old	N	LA 				patient_num	patient_dimension	birth_date	N	<=	GETDATE() - (365.25*65)		Demographics \ Age \ >= 65 years old	@	2021-05-24 00:00:00.000	2021-05-24 00:00:00.000	2021-05-24 00:00:00.000					
4	\ACT\Demographics\Age\45-54 years old\49 years old\	"49 years old"	N	LA 		DEM|AGE:49		patient_num	patient_dimension	birth_date	N	BETWEEN	GETDATE() - (365.25 *50) AND GETDATE() - (365.25 * 49)		Demographics \ Age \ 45-54 years old \ 49 years old	@	2021-05-24 00:00:00.000	2021-05-24 00:00:00.000	2021-05-24 00:00:00.000					
4	\ACT\Demographics\Age\45-54 years old\50 years old\	"50 years old"	N	LA 		DEM|AGE:50		patient_num	patient_dimension	birth_date	N	BETWEEN	GETDATE() - (365.25 *51) AND GETDATE() - (365.25 * 50)		Demographics \ Age \ 45-54 years old \ 50 years old	@	2021-05-24 00:00:00.000	2021-05-24 00:00:00.000	2021-05-24 00:00:00.000					
4	\ACT\Demographics\Age\45-54 years old\51 years old\	"51 years old"	N	LA 		DEM|AGE:51		patient_num	patient_dimension	birth_date	N	BETWEEN	GETDATE() - (365.25 *52) AND GETDATE() - (365.25 * 51)		Demographics \ Age \ 45-54 years old \ 51 years old	@	2021-05-24 00:00:00.000	2021-05-24 00:00:00.000	2021-05-24 00:00:00.000					
4	\ACT\Demographics\Age\45-54 years old\52 years old\	"52 years old"	N	LA 		DEM|AGE:52		patient_num	patient_dimension	birth_date	N	BETWEEN	GETDATE() - (365.25 *53) AND GETDATE() - (365.25 * 52)		Demographics \ Age \ 45-54 years old \ 52 years old	@	2021-05-24 00:00:00.000	2021-05-24 00:00:00.000	2021-05-24 00:00:00.000					
4	\ACT\Demographics\Age\45-54 years old\53 years old\	"53 years old"	N	LA 		DEM|AGE:53		patient_num	patient_dimension	birth_date	N	BETWEEN	GETDATE() - (365.25 *54) AND GETDATE() - (365.25 * 53)		Demographics \ Age \ 45-54 years old \ 53 years old	@	2021-05-24 00:00:00.000	2021-05-24 00:00:00.000	2021-05-24 00:00:00.000					
4	\ACT\Demographics\Age\45-54 years old\54 years old\	"54 years old"	N	LA 		DEM|AGE:54		patient_num	patient_dimension	birth_date	N	BETWEEN	GETDATE() - (365.25 *55) AND GETDATE() - (365.25 * 54)		Demographics \ Age \ 45-54 years old \ 54 years old	@	2021-05-24 00:00:00.000	2021-05-24 00:00:00.000	2021-05-24 00:00:00.000					
3	\ACT\Demographics\Age\55-64 years old\	"55-64 years old"	N	FA 				patient_num	patient_dimension	birth_date	N	BETWEEN	GETDATE() - (365.25*65) AND GETDATE() - (365.25*55)		Demographics \ Age \ 55-64 years old	@	2021-05-24 00:00:00.000	2021-05-24 00:00:00.000	2021-05-24 00:00:00.000					
4	\ACT\Demographics\Age\55-64 years old\55 years old\	"55 years old"	N	LA 		DEM|AGE:55		patient_num	patient_dimension	birth_date	N	BETWEEN	GETDATE() - (365.25 *56) AND GETDATE() - (365.25 * 55)		Demographics \ Age \ 55-64 years old \ 55 years old	@	2021-05-24 00:00:00.000	2021-05-24 00:00:00.000	2021-05-24 00:00:00.000					
4	\ACT\Demographics\Age\55-64 years old\56 years old\	"56 years old"	N	LA 		DEM|AGE:56		patient_num	patient_dimension	birth_date	N	BETWEEN	GETDATE() - (365.25 *57) AND GETDATE() - (365.25 * 56)		Demographics \ Age \ 55-64 years old \ 56 years old	@	2021-05-24 00:00:00.000	2021-05-24 00:00:00.000	2021-05-24 00:00:00.000					
4	\ACT\Demographics\Age\55-64 years old\57 years old\	"57 years old"	N	LA 		DEM|AGE:57		patient_num	patient_dimension	birth_date	N	BETWEEN	GETDATE() - (365.25 *58) AND GETDATE() - (365.25 * 57)		Demographics \ Age \ 55-64 years old \ 57 years old	@	2021-05-24 00:00:00.000	2021-05-24 00:00:00.000	2021-05-24 00:00:00.000					
4	\ACT\Demographics\Age\55-64 years old\58 years old\	"58 years old"	N	LA 		DEM|AGE:58		patient_num	patient_dimension	birth_date	N	BETWEEN	GETDATE() - (365.25 *59) AND GETDATE() - (365.25 * 58)		Demographics \ Age \ 55-64 years old \ 58 years old	@	2021-05-24 00:00:00.000	2021-05-24 00:00:00.000	2021-05-24 00:00:00.000					
4	\ACT\Demographics\Age\55-64 years old\59 years old\	"59 years old"	N	LA 		DEM|AGE:59		patient_num	patient_dimension	birth_date	N	BETWEEN	GETDATE() - (365.25 *60) AND GETDATE() - (365.25 * 59)		Demographics \ Age \ 55-64 years old \ 59 years old	@	2021-05-24 00:00:00.000	2021-05-24 00:00:00.000	2021-05-24 00:00:00.000					
4	\ACT\Demographics\Age\55-64 years old\60 years old\	"60 years old"	N	LA 		DEM|AGE:60		patient_num	patient_dimension	birth_date	N	BETWEEN	GETDATE() - (365.25 *61) AND GETDATE() - (365.25 * 60)		Demographics \ Age \ 55-64 years old \ 60 years old	@	2021-05-24 00:00:00.000	2021-05-24 00:00:00.000	2021-05-24 00:00:00.000					
4	\ACT\Demographics\Age\55-64 years old\61 years old\	"61 years old"	N	LA 		DEM|AGE:61		patient_num	patient_dimension	birth_date	N	BETWEEN	GETDATE() - (365.25 *62) AND GETDATE() - (365.25 * 61)		Demographics \ Age \ 55-64 years old \ 61 years old	@	2021-05-24 00:00:00.000	2021-05-24 00:00:00.000	2021-05-24 00:00:00.000					
4	\ACT\Demographics\Age\55-64 years old\62 years old\	"62 years old"	N	LA 		DEM|AGE:62		patient_num	patient_dimension	birth_date	N	BETWEEN	GETDATE() - (365.25 *63) AND GETDATE() - (365.25 * 62)		Demographics \ Age \ 55-64 years old \ 62 years old	@	2021-05-24 00:00:00.000	2021-05-24 00:00:00.000	2021-05-24 00:00:00.000					
4	\ACT\Demographics\Age\55-64 years old\63 years old\	"63 years old"	N	LA 		DEM|AGE:63		patient_num	patient_dimension	birth_date	N	BETWEEN	GETDATE() - (365.25 *64) AND GETDATE() - (365.25 * 63)		Demographics \ Age \ 55-64 years old \ 63 years old	@	2021-05-24 00:00:00.000	2021-05-24 00:00:00.000	2021-05-24 00:00:00.000					
4	\ACT\Demographics\Age\55-64 years old\64 years old\	"64 years old"	N	LA 		DEM|AGE:64		patient_num	patient_dimension	birth_date	N	BETWEEN	GETDATE() - (365.25 *65) AND GETDATE() - (365.25 * 64)		Demographics \ Age \ 55-64 years old \ 64 years old	@	2021-05-24 00:00:00.000	2021-05-24 00:00:00.000	2021-05-24 00:00:00.000					
3	\ACT\Demographics\Age\65-74 years old\	"65-74 years old"	N	FA 				patient_num	patient_dimension	birth_date	N	BETWEEN	GETDATE() - (365.25*75) AND GETDATE() - (365.25*65)		Demographics \ Age \ 65-74 years old	@	2021-05-24 00:00:00.000	2021-05-24 00:00:00.000	2021-05-24 00:00:00.000					
4	\ACT\Demographics\Age\65-74 years old\65 years old\	"65 years old"	N	LA 		DEM|AGE:65		patient_num	patient_dimension	birth_date	N	BETWEEN	GETDATE() - (365.25 *66) AND GETDATE() - (365.25 * 65)		Demographics \ Age \ 65-74 years old \ 65 years old	@	2021-05-24 00:00:00.000	2021-05-24 00:00:00.000	2021-05-24 00:00:00.000					
4	\ACT\Demographics\Age\65-74 years old\66 years old\	"66 years old"	N	LA 		DEM|AGE:66		patient_num	patient_dimension	birth_date	N	BETWEEN	GETDATE() - (365.25 *67) AND GETDATE() - (365.25 * 66)		Demographics \ Age \ 65-74 years old \ 66 years old	@	2021-05-24 00:00:00.000	2021-05-24 00:00:00.000	2021-05-24 00:00:00.000					
4	\ACT\Demographics\Age\65-74 years old\67 years old\	"67 years old"	N	LA 		DEM|AGE:67		patient_num	patient_dimension	birth_date	N	BETWEEN	GETDATE() - (365.25 *68) AND GETDATE() - (365.25 * 67)		Demographics \ Age \ 65-74 years old \ 67 years old	@	2021-05-24 00:00:00.000	2021-05-24 00:00:00.000	2021-05-24 00:00:00.000					
4	\ACT\Demographics\Age\65-74 years old\68 years old\	"68 years old"	N	LA 		DEM|AGE:68		patient_num	patient_dimension	birth_date	N	BETWEEN	GETDATE() - (365.25 *69) AND GETDATE() - (365.25 * 68)		Demographics \ Age \ 65-74 years old \ 68 years old	@	2021-05-24 00:00:00.000	2021-05-24 00:00:00.000	2021-05-24 00:00:00.000					
4	\ACT\Demographics\Age\65-74 years old\69 years old\	"69 years old"	N	LA 		DEM|AGE:69		patient_num	patient_dimension	birth_date	N	BETWEEN	GETDATE() - (365.25 *70) AND GETDATE() - (365.25 * 69)		Demographics \ Age \ 65-74 years old \ 69 years old	@	2021-05-24 00:00:00.000	2021-05-24 00:00:00.000	2021-05-24 00:00:00.000					
4	\ACT\Demographics\Age\65-74 years old\70 years old\	"70 years old"	N	LA 		DEM|AGE:70		patient_num	patient_dimension	birth_date	N	BETWEEN	GETDATE() - (365.25 *71) AND GETDATE() - (365.25 * 70)		Demographics \ Age \ 65-74 years old \ 70 years old	@	2021-05-24 00:00:00.000	2021-05-24 00:00:00.000	2021-05-24 00:00:00.000					
4	\ACT\Demographics\Age\65-74 years old\74 years old\	"74 years old"	N	LA 		DEM|AGE:74		patient_num	patient_dimension	birth_date	N	BETWEEN	GETDATE() - (365.25 *75) AND GETDATE() - (365.25 * 74)		Demographics \ Age \ 65-74 years old \ 74 years old	@	2021-05-24 00:00:00.000	2021-05-24 00:00:00.000	2021-05-24 00:00:00.000					
3	\ACT\Demographics\Age\75-84 years old\	"75-84 years old"	N	FA 				patient_num	patient_dimension	birth_date	N	BETWEEN	GETDATE() - (365.25*85) AND GETDATE() - (365.25*75)		Demographics \ Age \ 75-84 years old	@	2021-05-24 00:00:00.000	2021-05-24 00:00:00.000	2021-05-24 00:00:00.000					
4	\ACT\Demographics\Age\75-84 years old\75 years old\	"75 years old"	N	LA 		DEM|AGE:75		patient_num	patient_dimension	birth_date	N	BETWEEN	GETDATE() - (365.25 *76) AND GETDATE() - (365.25 * 75)		Demographics \ Age \ 75-84 years old \ 75 years old	@	2021-05-24 00:00:00.000	2021-05-24 00:00:00.000	2021-05-24 00:00:00.000					
3	\ACT\Demographics\Sex\Ambiguous\	Ambiguous	N	LA 		DEM|SEX:A		concept_cd	concept_dimension	concept_path	T	LIKE	\ACT\Demographics\Sex\Ambiguous\		Demographics \ Sex \ Ambiguous	@	2021-05-24 00:00:00.000	2021-05-24 00:00:00.000	2021-05-24 00:00:00.000					
3	\ACT\Demographics\Sex\Other\	Other	N	LA 		DEM|SEX:O		concept_cd	concept_dimension	concept_path	T	LIKE	\ACT\Demographics\Sex\Other\		Demographics \ Sex \  Other	@	2021-05-24 00:00:00.000	2021-05-24 00:00:00.000	2021-05-24 00:00:00.000					
3	\ACT\Demographics\Sex\No Information\	No Infomation	N	LA 		DEM|SEX:NI		concept_cd	concept_dimension	concept_path	T	LIKE	\ACT\Demographics\Sex\No Information\		Demographics \ Sex \ No Information	@	2021-05-24 00:00:00.000	2021-05-24 00:00:00.000	2021-05-24 00:00:00.000					
2	\ACT\Demographics\Version\	ACT_4.0_RC1	N	LI 				concept_cd	concept_dimension	concept_path	T	LIKE	\ACT\Demographics\Version\		Demographics \ Version	@	2021-05-24 00:00:00.000	2021-05-24 00:00:00.000	2021-05-24 00:00:00.000					
4	\ACT\Demographics\Age\0-9 years old\0 years old\	"0 years old"	N	FA 				patient_num	patient_dimension	birth_date	N	BETWEEN	GETDATE() - (365.25) AND GETDATE()		Demographics \ Age \ 0-9 years old \ 0 years old	@	2021-05-24 00:00:00.000	2021-05-24 00:00:00.000	2021-05-24 00:00:00.000					
5	\ACT\Demographics\Age\0-9 years old\0 years old\01 months\	"01 months"	N	LA 		DEM|AGE:0.1		patient_num	patient_dimension	birth_date	N	BETWEEN	GETDATE() - (365.25*(1/12)) AND GETDATE()		Demographics \ Age \ 0-9 years old \ 0 years old \ 01 months \	@	2021-05-24 00:00:00.000	2021-05-24 00:00:00.000	2021-05-24 00:00:00.000					
5	\ACT\Demographics\Age\0-9 years old\0 years old\02 months\	"02 months"	N	LA 		DEM|AGE:0.2		patient_num	patient_dimension	birth_date	N	BETWEEN	GETDATE() - (365.25*(2/12)) AND GETDATE() - (365.25*(1/12))		Demographics \ Age \ 0-9 years old \ 0 years old \ 02 months \	@	2021-05-24 00:00:00.000	2021-05-24 00:00:00.000	2021-05-24 00:00:00.000					
5	\ACT\Demographics\Age\0-9 years old\0 years old\03 months\	"03 months"	N	LA 		DEM|AGE:0.3		patient_num	patient_dimension	birth_date	N	BETWEEN	GETDATE() - (365.25*(3/12)) AND GETDATE() - (365.25*(2/12))		Demographics \ Age \ 0-9 years old \ 0 years old \ 03 months \	@	2021-05-24 00:00:00.000	2021-05-24 00:00:00.000	2021-05-24 00:00:00.000					
5	\ACT\Demographics\Age\0-9 years old\0 years old\04 months\	"04 months"	N	LA 		DEM|AGE:0.4		patient_num	patient_dimension	birth_date	N	BETWEEN	GETDATE() - (365.25*(4/12)) AND GETDATE() - (365.25*(3/12))		Demographics \ Age \ 0-9 years old \ 0 years old \ 04 months \	@	2021-05-24 00:00:00.000	2021-05-24 00:00:00.000	2021-05-24 00:00:00.000					
5	\ACT\Demographics\Age\0-9 years old\0 years old\05 months\	"05 months"	N	LA 		DEM|AGE:0.5		patient_num	patient_dimension	birth_date	N	BETWEEN	GETDATE() - (365.25*(5/12)) AND GETDATE() - (365.25*(4/12))		Demographics \ Age \ 0-9 years old \ 0 years old \ 05 months \	@	2021-05-24 00:00:00.000	2021-05-24 00:00:00.000	2021-05-24 00:00:00.000					
5	\ACT\Demographics\Age\0-9 years old\0 years old\06 months\	"06 months"	N	LA 		DEM|AGE:0.6		patient_num	patient_dimension	birth_date	N	BETWEEN	GETDATE() - (365.25*(6/12)) AND GETDATE() - (365.25*(5/12))		Demographics \ Age \ 0-9 years old \ 0 years old \ 06 months \	@	2021-05-24 00:00:00.000	2021-05-24 00:00:00.000	2021-05-24 00:00:00.000					
5	\ACT\Demographics\Age\0-9 years old\0 years old\07 months\	"07 months"	N	LA 		DEM|AGE:0.7		patient_num	patient_dimension	birth_date	N	BETWEEN	GETDATE() - (365.25*(7/12)) AND GETDATE() - (365.25*(6/12))		Demographics \ Age \ 0-9 years old \ 0 years old \ 07 months \	@	2021-05-24 00:00:00.000	2021-05-24 00:00:00.000	2021-05-24 00:00:00.000					
5	\ACT\Demographics\Age\0-9 years old\0 years old\08 months\	"08 months"	N	LA 		DEM|AGE:0.8		patient_num	patient_dimension	birth_date	N	BETWEEN	GETDATE() - (365.25*(8/12)) AND GETDATE() - (365.25*(7/12))		Demographics \ Age \ 0-9 years old \ 0 years old \ 08 months \	@	2021-05-24 00:00:00.000	2021-05-24 00:00:00.000	2021-05-24 00:00:00.000					
5	\ACT\Demographics\Age\0-9 years old\0 years old\09 months\	"09 months"	N	LA 		DEM|AGE:0.9		patient_num	patient_dimension	birth_date	N	BETWEEN	GETDATE() - (365.25*(9/12)) AND GETDATE() - (365.25*(8/12))		Demographics \ Age \ 0-9 years old \ 0 years old \ 09 months \	@	2021-05-24 00:00:00.000	2021-05-24 00:00:00.000	2021-05-24 00:00:00.000					
5	\ACT\Demographics\Age\0-9 years old\0 years old\10 months\	"10 months"	N	LA 		DEM|AGE:0.10		patient_num	patient_dimension	birth_date	N	BETWEEN	GETDATE() - (365.25*(10/12)) AND GETDATE() - (365.25*(9/12))		Demographics \ Age \ 0-9 years old \ 0 years old \ 10 months \	@	2021-05-24 00:00:00.000	2021-05-24 00:00:00.000	2021-05-24 00:00:00.000					
5	\ACT\Demographics\Age\0-9 years old\0 years old\11 months\	"11 months"	N	LA 		DEM|AGE:0.11		patient_num	patient_dimension	birth_date	N	BETWEEN	GETDATE() - (365.25*(11/12)) AND GETDATE() - (365.25*(10/12))		Demographics \ Age \ 0-9 years old \ 0 years old \ 11 months \	@	2021-05-24 00:00:00.000	2021-05-24 00:00:00.000	2021-05-24 00:00:00.000					
5	\ACT\Demographics\Age\0-9 years old\0 years old\12 months\	"12 months"	N	LA 		DEM|AGE:0.12		patient_num	patient_dimension	birth_date	N	BETWEEN	GETDATE() - (365.25*(12/12)) AND GETDATE() - (365.25*(11/12))		Demographics \ Age \ 0-9 years old \ 0 years old \ 12 months \	@	2021-05-24 00:00:00.000	2021-05-24 00:00:00.000	2021-05-24 00:00:00.000					
5	\ACT\Demographics\Age\0-9 years old\1 years old\13 months\	"13 months"	N	LA 		DEM|AGE:1.1		patient_num	patient_dimension	birth_date	N	BETWEEN	GETDATE() - (365.25*(13/12)) AND GETDATE() - (365.25*(12/12))		Demographics \ Age \ 0-9 years old \ 1 years old \ 01 months \	@	2021-05-24 00:00:00.000	2021-05-24 00:00:00.000	2021-05-24 00:00:00.000					
5	\ACT\Demographics\Age\0-9 years old\1 years old\14 months\	"14 months"	N	LA 		DEM|AGE:1.2		patient_num	patient_dimension	birth_date	N	BETWEEN	GETDATE() - (365.25*(14/12)) AND GETDATE() - (365.25*(13/12))		Demographics \ Age \ 0-9 years old \ 1 years old \ 02 months \	@	2021-05-24 00:00:00.000	2021-05-24 00:00:00.000	2021-05-24 00:00:00.000					
5	\ACT\Demographics\Age\0-9 years old\1 years old\15 months\	"15 months"	N	LA 		DEM|AGE:1.3		patient_num	patient_dimension	birth_date	N	BETWEEN	GETDATE() - (365.25*(15/12)) AND GETDATE() - (365.25*(14/12))		Demographics \ Age \ 0-9 years old \ 1 years old \ 03 months \	@	2021-05-24 00:00:00.000	2021-05-24 00:00:00.000	2021-05-24 00:00:00.000					
5	\ACT\Demographics\Age\0-9 years old\1 years old\16 months\	"16 months"	N	LA 		DEM|AGE:1.4		patient_num	patient_dimension	birth_date	N	BETWEEN	GETDATE() - (365.25*(16/12)) AND GETDATE() - (365.25*(15/12))		Demographics \ Age \ 0-9 years old \ 1 years old \ 04 months \	@	2021-05-24 00:00:00.000	2021-05-24 00:00:00.000	2021-05-24 00:00:00.000					
4	\ACT\Demographics\Age\18-34 years old\20 years old\	"20 years old"	N	LA 		DEM|AGE:20		patient_num	patient_dimension	birth_date	N	BETWEEN	GETDATE() - (365.25 *21) AND GETDATE() - (365.25 * 20)		Demographics \ Age \ 18-34 years old \ 20 years old	@	2021-05-24 00:00:00.000	2021-05-24 00:00:00.000	2021-05-24 00:00:00.000					
4	\ACT\Demographics\Age\18-34 years old\21 years old\	"21 years old"	N	LA 		DEM|AGE:21		patient_num	patient_dimension	birth_date	N	BETWEEN	GETDATE() - (365.25 *22) AND GETDATE() - (365.25 * 21)		Demographics \ Age \ 18-34 years old \ 21 years old	@	2021-05-24 00:00:00.000	2021-05-24 00:00:00.000	2021-05-24 00:00:00.000					
4	\ACT\Demographics\Age\18-34 years old\22 years old\	"22 years old"	N	LA 		DEM|AGE:22		patient_num	patient_dimension	birth_date	N	BETWEEN	GETDATE() - (365.25 *23) AND GETDATE() - (365.25 * 22)		Demographics \ Age \ 18-34 years old \ 22 years old	@	2021-05-24 00:00:00.000	2021-05-24 00:00:00.000	2021-05-24 00:00:00.000					
4	\ACT\Demographics\Age\18-34 years old\23 years old\	"23 years old"	N	LA 		DEM|AGE:23		patient_num	patient_dimension	birth_date	N	BETWEEN	GETDATE() - (365.25 *24) AND GETDATE() - (365.25 * 23)		Demographics \ Age \ 18-34 years old \ 23 years old	@	2021-05-24 00:00:00.000	2021-05-24 00:00:00.000	2021-05-24 00:00:00.000					
4	\ACT\Demographics\Age\18-34 years old\24 years old\	"24 years old"	N	LA 		DEM|AGE:24		patient_num	patient_dimension	birth_date	N	BETWEEN	GETDATE() - (365.25 *25) AND GETDATE() - (365.25 * 24)		Demographics \ Age \ 18-34 years old \ 24 years old	@	2021-05-24 00:00:00.000	2021-05-24 00:00:00.000	2021-05-24 00:00:00.000					
4	\ACT\Demographics\Age\18-34 years old\25 years old\	"25 years old"	N	LA 		DEM|AGE:25		patient_num	patient_dimension	birth_date	N	BETWEEN	GETDATE() - (365.25 *26) AND GETDATE() - (365.25 * 25)		Demographics \ Age \ 18-34 years old \ 25 years old	@	2021-05-24 00:00:00.000	2021-05-24 00:00:00.000	2021-05-24 00:00:00.000					
4	\ACT\Demographics\Age\18-34 years old\26 years old\	"26 years old"	N	LA 		DEM|AGE:26		patient_num	patient_dimension	birth_date	N	BETWEEN	GETDATE() - (365.25 *27) AND GETDATE() - (365.25 * 26)		Demographics \ Age \ 18-34 years old \ 26 years old	@	2021-05-24 00:00:00.000	2021-05-24 00:00:00.000	2021-05-24 00:00:00.000					
3	\ACT\Demographics\Age\85-89 years old\	"85-89 years old"	N	FA 				patient_num	patient_dimension	birth_date	N	BETWEEN	GETDATE() - (365.25*89) AND GETDATE() - (365.25*85)		Demographics \ Age \ 85-89 years old	@	2021-05-24 00:00:00.000	2021-05-24 00:00:00.000	2021-05-24 00:00:00.000					
4	\ACT\Demographics\Age\85-89 years old\85 years old\	"85 years old"	N	LA 		DEM|AGE:85		patient_num	patient_dimension	birth_date	N	BETWEEN	GETDATE() - (365.25 *86) AND GETDATE() - (365.25 * 85)		Demographics\Age\85-89 years old\85 years old	@	2021-05-24 00:00:00.000	2021-05-24 00:00:00.000	2021-05-24 00:00:00.000					
4	\ACT\Demographics\Age\85-89 years old\86 years old\	"86 years old"	N	LA 		DEM|AGE:86		patient_num	patient_dimension	birth_date	N	BETWEEN	GETDATE() - (365.25 *87) AND GETDATE() - (365.25 * 86)		Demographics\Age\85-89 years old\86 years old	@	2021-05-24 00:00:00.000	2021-05-24 00:00:00.000	2021-05-24 00:00:00.000					
4	\ACT\Demographics\Age\18-34 years old\27 years old\	"27 years old"	N	LA 		DEM|AGE:27		patient_num	patient_dimension	birth_date	N	BETWEEN	GETDATE() - (365.25 *28) AND GETDATE() - (365.25 * 27)		Demographics \ Age \ 18-34 years old \ 27 years old	@	2021-05-24 00:00:00.000	2021-05-24 00:00:00.000	2021-05-24 00:00:00.000					
4	\ACT\Demographics\Age\18-34 years old\28 years old\	"28 years old"	N	LA 		DEM|AGE:28		patient_num	patient_dimension	birth_date	N	BETWEEN	GETDATE() - (365.25 *29) AND GETDATE() - (365.25 * 28)		Demographics \ Age \ 18-34 years old \ 28 years old	@	2021-05-24 00:00:00.000	2021-05-24 00:00:00.000	2021-05-24 00:00:00.000					
4	\ACT\Demographics\Age\18-34 years old\29 years old\	"29 years old"	N	LA 		DEM|AGE:29		patient_num	patient_dimension	birth_date	N	BETWEEN	GETDATE() - (365.25 *30) AND GETDATE() - (365.25 * 29)		Demographics \ Age \ 18-34 years old \ 29 years old	@	2021-05-24 00:00:00.000	2021-05-24 00:00:00.000	2021-05-24 00:00:00.000					
4	\ACT\Demographics\Age\18-34 years old\30 years old\	"30 years old"	N	LA 		DEM|AGE:30		patient_num	patient_dimension	birth_date	N	BETWEEN	GETDATE() - (365.25 *31) AND GETDATE() - (365.25 * 30)		Demographics \ Age \ 18-34 years old \ 30 years old	@	2021-05-24 00:00:00.000	2021-05-24 00:00:00.000	2021-05-24 00:00:00.000					
4	\ACT\Demographics\Age\18-34 years old\31 years old\	"31 years old"	N	LA 		DEM|AGE:31		patient_num	patient_dimension	birth_date	N	BETWEEN	GETDATE() - (365.25 *32) AND GETDATE() - (365.25 * 31)		Demographics \ Age \ 18-34 years old \ 31 years old	@	2021-05-24 00:00:00.000	2021-05-24 00:00:00.000	2021-05-24 00:00:00.000					
4	\ACT\Demographics\Age\18-34 years old\32 years old\	"32 years old"	N	LA 		DEM|AGE:32		patient_num	patient_dimension	birth_date	N	BETWEEN	GETDATE() - (365.25 *33) AND GETDATE() - (365.25 * 32)		Demographics \ Age \ 18-34 years old \ 32 years old	@	2021-05-24 00:00:00.000	2021-05-24 00:00:00.000	2021-05-24 00:00:00.000					
4	\ACT\Demographics\Age\18-34 years old\33 years old\	"33 years old"	N	LA 		DEM|AGE:33		patient_num	patient_dimension	birth_date	N	BETWEEN	GETDATE() - (365.25 *34) AND GETDATE() - (365.25 * 33)		Demographics \ Age \ 18-34 years old \ 33 years old	@	2021-05-24 00:00:00.000	2021-05-24 00:00:00.000	2021-05-24 00:00:00.000					
4	\ACT\Demographics\Age\18-34 years old\34 years old\	"34 years old"	N	LA 		DEM|AGE:34		patient_num	patient_dimension	birth_date	N	BETWEEN	GETDATE() - (365.25 *35) AND GETDATE() - (365.25 * 34)		Demographics \ Age \ 18-34 years old \ 34 years old	@	2021-05-24 00:00:00.000	2021-05-24 00:00:00.000	2021-05-24 00:00:00.000					
3	\ACT\Demographics\Age\35-44 years old\	"35-44 years old"	N	FA 				patient_num	patient_dimension	birth_date	N	BETWEEN	GETDATE() - (365.25*45) AND GETDATE() - (365.25*35)		Demographics \ Age \ 35-44 years old	@	2021-05-24 00:00:00.000	2021-05-24 00:00:00.000	2021-05-24 00:00:00.000					
4	\ACT\Demographics\Age\35-44 years old\35 years old\	"35 years old"	N	LA 		DEM|AGE:35		patient_num	patient_dimension	birth_date	N	BETWEEN	GETDATE() - (365.25 *36) AND GETDATE() - (365.25 * 35)		Demographics \ Age \ 35-44 years old \ 35 years old	@	2021-05-24 00:00:00.000	2021-05-24 00:00:00.000	2021-05-24 00:00:00.000					
4	\ACT\Demographics\Age\35-44 years old\36 years old\	"36 years old"	N	LA 		DEM|AGE:36		patient_num	patient_dimension	birth_date	N	BETWEEN	GETDATE() - (365.25 *37) AND GETDATE() - (365.25 * 36)		Demographics \ Age \ 35-44 years old \ 36 years old	@	2021-05-24 00:00:00.000	2021-05-24 00:00:00.000	2021-05-24 00:00:00.000					
4	\ACT\Demographics\Age\35-44 years old\37 years old\	"37 years old"	N	LA 		DEM|AGE:37		patient_num	patient_dimension	birth_date	N	BETWEEN	GETDATE() - (365.25 *38) AND GETDATE() - (365.25 * 37)		Demographics \ Age \ 35-44 years old \ 37 years old	@	2021-05-24 00:00:00.000	2021-05-24 00:00:00.000	2021-05-24 00:00:00.000					
4	\ACT\Demographics\Age\35-44 years old\38 years old\	"38 years old"	N	LA 		DEM|AGE:38		patient_num	patient_dimension	birth_date	N	BETWEEN	GETDATE() - (365.25 *39) AND GETDATE() - (365.25 * 38)		Demographics \ Age \ 35-44 years old \ 38 years old	@	2021-05-24 00:00:00.000	2021-05-24 00:00:00.000	2021-05-24 00:00:00.000					
4	\ACT\Demographics\Age\35-44 years old\39 years old\	"39 years old"	N	LA 		DEM|AGE:39		patient_num	patient_dimension	birth_date	N	BETWEEN	GETDATE() - (365.25 *40) AND GETDATE() - (365.25 * 39)		Demographics \ Age \ 35-44 years old \ 39 years old	@	2021-05-24 00:00:00.000	2021-05-24 00:00:00.000	2021-05-24 00:00:00.000					
4	\ACT\Demographics\Age\35-44 years old\40 years old\	"40 years old"	N	LA 		DEM|AGE:40		patient_num	patient_dimension	birth_date	N	BETWEEN	GETDATE() - (365.25 *41) AND GETDATE() - (365.25 * 40)		Demographics \ Age \ 35-44 years old \ 40 years old	@	2021-05-24 00:00:00.000	2021-05-24 00:00:00.000	2021-05-24 00:00:00.000					
4	\ACT\Demographics\Age\35-44 years old\41 years old\	"41 years old"	N	LA 		DEM|AGE:41		patient_num	patient_dimension	birth_date	N	BETWEEN	GETDATE() - (365.25 *42) AND GETDATE() - (365.25 * 41)		Demographics \ Age \ 35-44 years old \ 41 years old	@	2021-05-24 00:00:00.000	2021-05-24 00:00:00.000	2021-05-24 00:00:00.000					
5	\ACT\Demographics\Age\0-9 years old\1 years old\17 months\	"17 months"	N	LA 		DEM|AGE:1.5		patient_num	patient_dimension	birth_date	N	BETWEEN	GETDATE() - (365.25*(17/12)) AND GETDATE() - (365.25*(16/12))		Demographics \ Age \ 0-9 years old \ 1 years old \ 05 months \	@	2021-05-24 00:00:00.000	2021-05-24 00:00:00.000	2021-05-24 00:00:00.000					
4	\ACT\Demographics\Age\35-44 years old\42 years old\	"42 years old"	N	LA 		DEM|AGE:42		patient_num	patient_dimension	birth_date	N	BETWEEN	GETDATE() - (365.25 *43) AND GETDATE() - (365.25 * 42)		Demographics \ Age \ 35-44 years old \ 42 years old	@	2021-05-24 00:00:00.000	2021-05-24 00:00:00.000	2021-05-24 00:00:00.000					
4	\ACT\Demographics\Age\35-44 years old\43 years old\	"43 years old"	N	LA 		DEM|AGE:43		patient_num	patient_dimension	birth_date	N	BETWEEN	GETDATE() - (365.25 *44) AND GETDATE() - (365.25 * 43)		Demographics \ Age \ 35-44 years old \ 43 years old	@	2021-05-24 00:00:00.000	2021-05-24 00:00:00.000	2021-05-24 00:00:00.000					
4	\ACT\Demographics\Age\35-44 years old\44 years old\	"44 years old"	N	LA 		DEM|AGE:44		patient_num	patient_dimension	birth_date	N	BETWEEN	GETDATE() - (365.25 *45) AND GETDATE() - (365.25 * 44)		Demographics \ Age \ 35-44 years old \ 44 years old	@	2021-05-24 00:00:00.000	2021-05-24 00:00:00.000	2021-05-24 00:00:00.000					
3	\ACT\Demographics\Age\45-54 years old\	"45-54 years old"	N	FA 				patient_num	patient_dimension	birth_date	N	BETWEEN	GETDATE() - (365.25*55) AND GETDATE() - (365.25*45)		Demographics \ Age \ 45-54 years old	@	2021-05-24 00:00:00.000	2021-05-24 00:00:00.000	2021-05-24 00:00:00.000					
4	\ACT\Demographics\Age\45-54 years old\45 years old\	"45 years old"	N	LA 		DEM|AGE:45		patient_num	patient_dimension	birth_date	N	BETWEEN	GETDATE() - (365.25 *46) AND GETDATE() - (365.25 * 45)		Demographics \ Age \ 45-54 years old \ 45 years old	@	2021-05-24 00:00:00.000	2021-05-24 00:00:00.000	2021-05-24 00:00:00.000					
4	\ACT\Demographics\Age\45-54 years old\46 years old\	"46 years old"	N	LA 		DEM|AGE:46		patient_num	patient_dimension	birth_date	N	BETWEEN	GETDATE() - (365.25 *47) AND GETDATE() - (365.25 * 46)		Demographics \ Age \ 45-54 years old \ 46 years old	@	2021-05-24 00:00:00.000	2021-05-24 00:00:00.000	2021-05-24 00:00:00.000					
4	\ACT\Demographics\Age\45-54 years old\47 years old\	"47 years old"	N	LA 		DEM|AGE:47		patient_num	patient_dimension	birth_date	N	BETWEEN	GETDATE() - (365.25 *48) AND GETDATE() - (365.25 * 47)		Demographics \ Age \ 45-54 years old \ 47 years old	@	2021-05-24 00:00:00.000	2021-05-24 00:00:00.000	2021-05-24 00:00:00.000					
4	\ACT\Demographics\Age\45-54 years old\48 years old\	"48 years old"	N	LA 		DEM|AGE:48		patient_num	patient_dimension	birth_date	N	BETWEEN	GETDATE() - (365.25 *49) AND GETDATE() - (365.25 * 48)		Demographics \ Age \ 45-54 years old \ 48 years old	@	2021-05-24 00:00:00.000	2021-05-24 00:00:00.000	2021-05-24 00:00:00.000					
4	\ACT\Demographics\Age\65-74 years old\71 years old\	"71 years old"	N	LA 		DEM|AGE:71		patient_num	patient_dimension	birth_date	N	BETWEEN	GETDATE() - (365.25 *72) AND GETDATE() - (365.25 * 71)		Demographics \ Age \ 65-74 years old \ 71 years old	@	2021-05-24 00:00:00.000	2021-05-24 00:00:00.000	2021-05-24 00:00:00.000					
4	\ACT\Demographics\Age\65-74 years old\72 years old\	"72 years old"	N	LA 		DEM|AGE:72		patient_num	patient_dimension	birth_date	N	BETWEEN	GETDATE() - (365.25 *73) AND GETDATE() - (365.25 * 72)		Demographics \ Age \ 65-74 years old \ 72 years old	@	2021-05-24 00:00:00.000	2021-05-24 00:00:00.000	2021-05-24 00:00:00.000					
4	\ACT\Demographics\Age\65-74 years old\73 years old\	"73 years old"	N	LA 		DEM|AGE:73		patient_num	patient_dimension	birth_date	N	BETWEEN	GETDATE() - (365.25 *74) AND GETDATE() - (365.25 * 73)		Demographics \ Age \ 65-74 years old \ 73 years old	@	2021-05-24 00:00:00.000	2021-05-24 00:00:00.000	2021-05-24 00:00:00.000					
5	\ACT\Demographics\Age\0-9 years old\1 years old\23 months\	"23 months"	N	LA 		DEM|AGE:1.11		patient_num	patient_dimension	birth_date	N	BETWEEN	GETDATE() - (365.25*(23/12)) AND GETDATE() - (365.25*(22/12))		Demographics \ Age \ 0-9 years old \ 1 years old \ 11 months \	@	2021-05-24 00:00:00.000	2021-05-24 00:00:00.000	2021-05-24 00:00:00.000					
5	\ACT\Demographics\Age\0-9 years old\1 years old\24 months\	"24 months"	N	LA 		DEM|AGE:1.12		patient_num	patient_dimension	birth_date	N	BETWEEN	GETDATE() - (365.25*(24/12)) AND GETDATE() - (365.25*(23/12))		Demographics \ Age \ 0-9 years old \ 1 years old \ 12 months \	@	2021-05-24 00:00:00.000	2021-05-24 00:00:00.000	2021-05-24 00:00:00.000					
5	\ACT\Demographics\Age\0-9 years old\2 years old\25 months\	"25 months"	N	LA 		DEM|AGE:2.1		patient_num	patient_dimension	birth_date	N	BETWEEN	GETDATE() - (365.25*(25/12)) AND GETDATE() - (365.25*(24/12))		Demographics \ Age \ 0-9 years old \ 2 years old \ 01 months \	@	2021-05-24 00:00:00.000	2021-05-24 00:00:00.000	2021-05-24 00:00:00.000					
4	\ACT\Demographics\Age\0-9 years old\2 years old\	"2 years old"	N	FA 				patient_num	patient_dimension	birth_date	N	BETWEEN	GETDATE() - (365.25 * 3) AND GETDATE() - (365.25 * 2)		Demographics \ Age \ 0-9 years old \ 2 years old	@	2021-05-24 00:00:00.000	2021-05-24 00:00:00.000	2021-05-24 00:00:00.000					
5	\ACT\Demographics\Age\0-9 years old\2 years old\27 months\	"27 months"	N	LA 		DEM|AGE:2.3		patient_num	patient_dimension	birth_date	N	BETWEEN	GETDATE() - (365.25*(27/12)) AND GETDATE() - (365.25*(26/12))		Demographics \ Age \ 0-9 years old \ 2 years old \ 03 months \	@	2021-05-24 00:00:00.000	2021-05-24 00:00:00.000	2021-05-24 00:00:00.000					
5	\ACT\Demographics\Age\0-9 years old\2 years old\28 months\	"28 months"	N	LA 		DEM|AGE:2.4		patient_num	patient_dimension	birth_date	N	BETWEEN	GETDATE() - (365.25*(28/12)) AND GETDATE() - (365.25*(27/12))		Demographics \ Age \ 0-9 years old \ 2 years old \ 04 months \	@	2021-05-24 00:00:00.000	2021-05-24 00:00:00.000	2021-05-24 00:00:00.000					
5	\ACT\Demographics\Age\0-9 years old\2 years old\29 months\	"29 months"	N	LA 		DEM|AGE:2.5		patient_num	patient_dimension	birth_date	N	BETWEEN	GETDATE() - (365.25*(29/12)) AND GETDATE() - (365.25*(28/12))		Demographics \ Age \ 0-9 years old \ 2 years old \ 05 months \	@	2021-05-24 00:00:00.000	2021-05-24 00:00:00.000	2021-05-24 00:00:00.000					
5	\ACT\Demographics\Age\0-9 years old\2 years old\30 months\	"30 months"	N	LA 		DEM|AGE:2.6		patient_num	patient_dimension	birth_date	N	BETWEEN	GETDATE() - (365.25*(30/12)) AND GETDATE() - (365.25*(29/12))		Demographics \ Age \ 0-9 years old \ 2 years old \ 06 months \	@	2021-05-24 00:00:00.000	2021-05-24 00:00:00.000	2021-05-24 00:00:00.000					
5	\ACT\Demographics\Age\0-9 years old\2 years old\31 months\	"31 months"	N	LA 		DEM|AGE:2.7		patient_num	patient_dimension	birth_date	N	BETWEEN	GETDATE() - (365.25*(31/12)) AND GETDATE() - (365.25*(30/12))		Demographics \ Age \ 0-9 years old \ 2 years old \ 07 months \	@	2021-05-24 00:00:00.000	2021-05-24 00:00:00.000	2021-05-24 00:00:00.000					
5	\ACT\Demographics\Age\0-9 years old\2 years old\32 months\	"32 months"	N	LA 		DEM|AGE:2.8		patient_num	patient_dimension	birth_date	N	BETWEEN	GETDATE() - (365.25*(32/12)) AND GETDATE() - (365.25*(31/12))		Demographics \ Age \ 0-9 years old \ 2 years old \ 08 months \	@	2021-05-24 00:00:00.000	2021-05-24 00:00:00.000	2021-05-24 00:00:00.000					
5	\ACT\Demographics\Age\0-9 years old\2 years old\33 months\	"33 months"	N	LA 		DEM|AGE:2.9		patient_num	patient_dimension	birth_date	N	BETWEEN	GETDATE() - (365.25*(33/12)) AND GETDATE() - (365.25*(32/12))		Demographics \ Age \ 0-9 years old \ 2 years old \ 09 months \	@	2021-05-24 00:00:00.000	2021-05-24 00:00:00.000	2021-05-24 00:00:00.000					
5	\ACT\Demographics\Age\0-9 years old\2 years old\34 months\	"34 months"	N	LA 		DEM|AGE:2.10		patient_num	patient_dimension	birth_date	N	BETWEEN	GETDATE() - (365.25*(34/12)) AND GETDATE() - (365.25*(33/12))		Demographics \ Age \ 0-9 years old \ 2 years old \ 10 months \	@	2021-05-24 00:00:00.000	2021-05-24 00:00:00.000	2021-05-24 00:00:00.000					
5	\ACT\Demographics\Age\0-9 years old\2 years old\35 months\	"35 months"	N	LA 		DEM|AGE:2.11		patient_num	patient_dimension	birth_date	N	BETWEEN	GETDATE() - (365.25*(35/12)) AND GETDATE() - (365.25*(34/12))		Demographics \ Age \ 0-9 years old \ 2 years old \ 11 months \	@	2021-05-24 00:00:00.000	2021-05-24 00:00:00.000	2021-05-24 00:00:00.000					
5	\ACT\Demographics\Age\0-9 years old\2 years old\36 months\	"36 months"	N	LA 		DEM|AGE:2.12		patient_num	patient_dimension	birth_date	N	BETWEEN	GETDATE() - (365.25*(36/12)) AND GETDATE() - (365.25*(35/12))		Demographics \ Age \ 0-9 years old \ 2 years old \ 12 months \	@	2021-05-24 00:00:00.000	2021-05-24 00:00:00.000	2021-05-24 00:00:00.000					
5	\ACT\Demographics\Age\0-9 years old\2 years old\26 months\	"26 months"	N	LA 		DEM|AGE:2.2		patient_num	patient_dimension	birth_date	N	BETWEEN	GETDATE() - (365.25*(26/12)) AND GETDATE() - (365.25*(25/12))		Demographics \ Age \ 0-9 years old \ 2 years old \ 02 months \	@	2021-05-24 00:00:00.000	2021-05-24 00:00:00.000	2021-05-24 00:00:00.000					
3	\ACT\Demographics\Patient Counts\Total Patient Dimension Count\	Patients In Patient Table	N	LA 				patient_num	patient_dimension	patient_num	N	>	-1		Patient Count - Exists in Patient Table	@	2021-05-24 00:00:00.000	2021-05-24 00:00:00.000	2021-05-24 00:00:00.000					
3	\ACT\Demographics\SF424\Male-White-Hispanic\	Male-White-Hispanic	N	FA 				patient_num	patient_dimension	birth_date	N	BETWEEN	GETDATE() - (365.25*10) AND GETDATE()		Demographics \ Age \ 0-9 years old	@	2021-05-24 00:00:00.000	2021-05-24 00:00:00.000	2021-05-24 00:00:00.000					
3	\ACT\Demographics\Patient Counts\One Procedure\	Patients with At Least One Procedure	N	LA 				concept_cd	concept_dimension	concept_path	T	LIKE	\ACT\Procedures\		Patient Counts - Distinct Patients with At Least One Procedure	@	2021-05-24 00:00:00.000	2021-05-24 00:00:00.000	2021-05-24 00:00:00.000	ACT				
3	\ACT\Demographics\Patient Counts\One Diagnosis\	Patients with At Least One Diagnosis	N	LA 				concept_cd	concept_dimension	concept_path	T	LIKE	\ACT\Diagnosis\		Patient Counts - Distinct Patients with At Least One Diagnosis	@	2021-05-24 00:00:00.000	2021-05-24 00:00:00.000	2021-05-24 00:00:00.000	ACT				
2	\ACT\Demographics\Patient Counts\	Data Completeness	N	FA 				patient_num	patient_dimension	patient_num	N	>	-1		Patient Counts	@	2021-05-24 00:00:00.000	2021-05-24 00:00:00.000	2021-05-24 00:00:00.000	ACT				
3	\ACT\Demographics\Patient Counts\One Lab\	Patients with At Least One Lab	N	LA 				concept_cd	concept_dimension	concept_path	T	LIKE	\ACT\Lab\		Patient Counts - Distinct Patients with At Least One Lab	@	2021-05-24 00:00:00.000	2021-05-24 00:00:00.000	2021-05-24 00:00:00.000	ACT				
3	\ACT\Demographics\Patient Counts\One Medication\	Patients with At Least One Medication	N	LA 				concept_cd	concept_dimension	concept_path	T	LIKE	\ACT\Medications\		Patient Counts - Distinct Patients with At Least One Medication	@	2021-05-24 00:00:00.000	2021-05-24 00:00:00.000	2021-05-24 00:00:00.000	ACT				
3	\ACT\Demographics\Patient Counts\Total Patient Count By Visit\	Patients With At Least One Visit	N	LA 				patient_num	visit_dimension	patient_num	N	>	-1		Patient Count - At Least One Visit	@	2021-05-24 00:00:00.000	2021-05-24 00:00:00.000	2021-05-24 00:00:00.000					
3	\ACT\Demographics\Age\>= 18 years old\	(adults) >= 18 years old	N	LA 				patient_num	patient_dimension	birth_date	N	<=	GETDATE() - (365.25*18)		Demographics \ Age \ >= 18 years old	@	2021-05-24 00:00:00.000	2021-05-24 00:00:00.000	2021-05-24 00:00:00.000					
3	\ACT\Demographics\Age\< 18 years old\	(children) < 18 years old	N	LA 				patient_num	patient_dimension	birth_date	N	>	GETDATE() - (365.25*18)		Demographics \ Age \ < 18 years old	@	2021-05-24 00:00:00.000	2021-05-24 00:00:00.000	2021-05-24 00:00:00.000					
